-- MySQL Script generated by MySQL Workbench
-- Refined by Jaitu, Subbu, Praharsh, Mooizz and Ravi

SET @OLD_UNIQUE_CHECKS=@@UNIQUE_CHECKS, UNIQUE_CHECKS=0;
SET @OLD_FOREIGN_KEY_CHECKS=@@FOREIGN_KEY_CHECKS, FOREIGN_KEY_CHECKS=0;
SET @OLD_SQL_MODE=@@SQL_MODE, SQL_MODE='ONLY_FULL_GROUP_BY,STRICT_TRANS_TABLES,NO_ZERO_IN_DATE,NO_ZERO_DATE,ERROR_FOR_DIVISION_BY_ZERO,NO_ENGINE_SUBSTITUTION';

-- -----------------------------------------------------
-- Schema MovieIndustryDB
-- -----------------------------------------------------

-- -----------------------------------------------------
-- Schema MovieIndustryDB
-- -----------------------------------------------------
CREATE SCHEMA IF NOT EXISTS MovieIndustryDB DEFAULT CHARACTER SET utf8 ;
USE MovieIndustryDB ;

-- -----------------------------------------------------
-- Table Movie
-- -----------------------------------------------------
DROP TABLE IF EXISTS Movie;
CREATE TABLE Movie (
  EIDRContentID INT NOT NULL,
  Name VARCHAR(45) NOT NULL,
  Industry VARCHAR(45) NULL,
  Certificate VARCHAR(45) NULL,
  ReleaseYear YEAR(4) NOT NULL,
  GrossCollection BIGINT(8) NULL,
  SequelID INT NULL,
  PRIMARY KEY (EIDRContentID),
  UNIQUE INDEX EIDRContentID_UNIQUE (EIDRContentID ASC) VISIBLE)
ENGINE = InnoDB;


-- -----------------------------------------------------
-- Table MovieLanguages
-- -----------------------------------------------------
DROP TABLE IF EXISTS MovieLanguages;
CREATE TABLE MovieLanguages (
  MovieID INT NOT NULL,
  Language VARCHAR(45) NOT NULL,
  PRIMARY KEY (MovieID, Language),
  CONSTRAINT MovieID
    FOREIGN KEY (MovieID)
    REFERENCES Movie (EIDRContentID)
    ON DELETE NO ACTION
    ON UPDATE NO ACTION)
ENGINE = InnoDB;


-- -----------------------------------------------------
-- Table ProductionHouse
-- -----------------------------------------------------
DROP TABLE IF EXISTS ProductionHouse;
CREATE TABLE ProductionHouse (
  Name VARCHAR(45) NOT NULL,
  HQCountry VARCHAR(45) NULL,
  PRIMARY KEY (Name),
  UNIQUE INDEX Name_UNIQUE (Name ASC) VISIBLE)
ENGINE = InnoDB;


-- -----------------------------------------------------
-- Table Produced
-- -----------------------------------------------------
DROP TABLE IF EXISTS Produced;
CREATE TABLE Produced (
  Budget BIGINT(8) NULL,
  MovieID INT NOT NULL,
  ProductionHouseName VARCHAR(45) NOT NULL,
  PRIMARY KEY (MovieID, ProductionHouseName),
  INDEX PrdHousName_idx (ProductionHouseName ASC) VISIBLE,
  CONSTRAINT F31
    FOREIGN KEY (MovieID)
    REFERENCES Movie (EIDRContentID)
    ON DELETE NO ACTION
    ON UPDATE NO ACTION,
  CONSTRAINT F32
    FOREIGN KEY (ProductionHouseName)
    REFERENCES ProductionHouse (Name)
    ON DELETE NO ACTION
    ON UPDATE NO ACTION)
ENGINE = InnoDB;


-- -----------------------------------------------------
-- Table ProductionOffice
-- -----------------------------------------------------
DROP TABLE IF EXISTS ProductionOffice;
CREATE TABLE ProductionOffice (
  ProductionHouseName VARCHAR(45) NOT NULL,
  Location VARCHAR(45) NOT NULL,
  EstdYear YEAR(4) NULL,
  PRIMARY KEY (ProductionHouseName, Location),
  CONSTRAINT F41
    FOREIGN KEY (ProductionHouseName)
    REFERENCES ProductionHouse (Name)
    ON DELETE NO ACTION
    ON UPDATE NO ACTION)
ENGINE = InnoDB;


-- -----------------------------------------------------
-- Table ProductionHouseFounders
-- -----------------------------------------------------
DROP TABLE IF EXISTS ProductionHouseFounders;
CREATE TABLE ProductionHouseFounders (
  ProductionHouseName VARCHAR(45) NOT NULL,
  Founder VARCHAR(45) NOT NULL,
  PRIMARY KEY (ProductionHouseName, Founder),
  CONSTRAINT F51
    FOREIGN KEY (ProductionHouseName)
    REFERENCES ProductionHouse (Name)
    ON DELETE NO ACTION
    ON UPDATE NO ACTION)
ENGINE = InnoDB;


-- -----------------------------------------------------
-- Table ProductionHouseContent
-- -----------------------------------------------------
DROP TABLE IF EXISTS ProductionHouseContent;
CREATE TABLE ProductionHouseContent (
  ProductionHouseName VARCHAR(45) NOT NULL,
  ContentType VARCHAR(45) NOT NULL,
  PRIMARY KEY (ProductionHouseName, ContentType),
  CONSTRAINT F61
    FOREIGN KEY (ProductionHouseName)
    REFERENCES ProductionHouse (Name)
    ON DELETE NO ACTION
    ON UPDATE NO ACTION)
ENGINE = InnoDB;


-- -----------------------------------------------------
-- Table StreamingPartner
-- -----------------------------------------------------
DROP TABLE IF EXISTS StreamingPartner;
CREATE TABLE StreamingPartner (
  OrgName VARCHAR(45) NOT NULL,
  HQCountry VARCHAR(45) NULL,
  EstdYear YEAR(4) NULL,
  PRIMARY KEY (OrgName))
ENGINE = InnoDB;


-- -----------------------------------------------------
-- Table Streams
-- -----------------------------------------------------
DROP TABLE IF EXISTS Streams;
CREATE TABLE Streams (
  Language VARCHAR(45) NULL,
  StreamingPlatform VARCHAR(45) NOT NULL,
  MovieID INT NOT NULL,
  PRIMARY KEY (StreamingPlatform, MovieID),
  INDEX MovieID_idx (MovieID ASC) VISIBLE,
  CONSTRAINT F81
    FOREIGN KEY (StreamingPlatform)
    REFERENCES StreamingPartner (OrgName)
    ON DELETE NO ACTION
    ON UPDATE NO ACTION,
  CONSTRAINT F82
    FOREIGN KEY (MovieID)
    REFERENCES Movie (EIDRContentID)
    ON DELETE NO ACTION
    ON UPDATE NO ACTION)
ENGINE = InnoDB;


-- -----------------------------------------------------
-- Table Cneast
-- -----------------------------------------------------
DROP TABLE IF EXISTS Cneast;
CREATE TABLE Cneast (
  FirstName VARCHAR(45) NOT NULL,
  LastName VARCHAR(45) NOT NULL,
  Gender VARCHAR(45) NULL,
  DOB YEAR(4) NULL,
  PRIMARY KEY (FirstName, LastName))
ENGINE = InnoDB;


-- -----------------------------------------------------
-- Table WorkedIn
-- -----------------------------------------------------
DROP TABLE IF EXISTS WorkedIn;
CREATE TABLE WorkedIn (
  Role VARCHAR(45) NOT NULL,
  CneastFirstName VARCHAR(45) NOT NULL,
  CneastLastName VARCHAR(45) NOT NULL,
  MovieID INT NOT NULL,
  PRIMARY KEY (CneastFirstName, CneastLastName, MovieID, Role),
  INDEX F101_idx (MovieID ASC) VISIBLE,
  CONSTRAINT F101
    FOREIGN KEY (MovieID)
    REFERENCES Movie (EIDRContentID)
    ON DELETE NO ACTION
    ON UPDATE NO ACTION,
  CONSTRAINT F102
    FOREIGN KEY (CneastFirstName , CneastLastName)
    REFERENCES Cneast (FirstName , LastName)
    ON DELETE NO ACTION
    ON UPDATE NO ACTION)
ENGINE = InnoDB;


-- -----------------------------------------------------
-- Table Nationality
-- -----------------------------------------------------
DROP TABLE IF EXISTS Nationality;
CREATE TABLE Nationality (
  CneastFirstName VARCHAR(45) NOT NULL,
  CneastLastName VARCHAR(45) NOT NULL,
  Nation VARCHAR(45) NOT NULL,
  PRIMARY KEY (CneastFirstName, CneastLastName, Nation),
  CONSTRAINT F111
    FOREIGN KEY (CneastFirstName , CneastLastName)
    REFERENCES Cneast (FirstName , LastName)
    ON DELETE NO ACTION
    ON UPDATE NO ACTION)
ENGINE = InnoDB;


-- -----------------------------------------------------
-- Table AwardOrganisation
-- -----------------------------------------------------
DROP TABLE IF EXISTS AwardOrganisation;
CREATE TABLE AwardOrganisation (
  OrgName VARCHAR(45) NOT NULL,
  HQCountry VARCHAR(45) NULL,
  EstdYear YEAR(4) NULL,
  PRIMARY KEY (OrgName))
ENGINE = InnoDB;


-- -----------------------------------------------------
-- Table ReceivedCneastAward
-- -----------------------------------------------------
DROP TABLE IF EXISTS ReceivedCneastAward;
CREATE TABLE ReceivedCneastAward (
  ReceivedYear YEAR(4) NOT NULL,
  AwardType VARCHAR(45) NULL,
  MovieName VARCHAR(45) NOT NULL,
  AwardOrgName VARCHAR(45) NOT NULL,
  CneastFirstName VARCHAR(45) NOT NULL,
  CneastLastName VARCHAR(45) NOT NULL,
  PRIMARY KEY (AwardOrgName, CneastFirstName, CneastLastName, MovieName),
  INDEX CnFN_idx (CneastFirstName ASC, CneastLastName ASC) VISIBLE,
  CONSTRAINT F131
    FOREIGN KEY (AwardOrgName)
    REFERENCES AwardOrganisation (OrgName)
    ON DELETE NO ACTION
    ON UPDATE NO ACTION,
  CONSTRAINT F132
    FOREIGN KEY (CneastFirstName , CneastLastName)
    REFERENCES Cneast (FirstName , LastName)
    ON DELETE NO ACTION
    ON UPDATE NO ACTION)
ENGINE = InnoDB;


-- -----------------------------------------------------
-- Table ReceivedMovieAward
-- -----------------------------------------------------
DROP TABLE IF EXISTS ReceivedMovieAward;
CREATE TABLE ReceivedMovieAward (
  ReceivedYear YEAR(4) NULL,
  AwardType VARCHAR(45) NOT NULL,
  AwardOrgName VARCHAR(45) NOT NULL,
  MovieID INT NOT NULL,
  PRIMARY KEY (AwardOrgName, MovieID, AwardType),
  INDEX MovieID_idx (MovieID ASC) VISIBLE,
  CONSTRAINT F141
    FOREIGN KEY (AwardOrgName)
    REFERENCES AwardOrganisation (OrgName)
    ON DELETE NO ACTION
    ON UPDATE NO ACTION,
  CONSTRAINT F142
    FOREIGN KEY (MovieID)
    REFERENCES Movie (EIDRContentID)
    ON DELETE NO ACTION
    ON UPDATE NO ACTION)
ENGINE = InnoDB;


-- -----------------------------------------------------
-- Table ReviewOrg
-- -----------------------------------------------------
DROP TABLE IF EXISTS ReviewOrg;
CREATE TABLE ReviewOrg (
  OrgName VARCHAR(45) NOT NULL,
  MaxRating FLOAT NULL,
  PRIMARY KEY (OrgName))
ENGINE = InnoDB;


-- -----------------------------------------------------
-- Table Reviewed
-- -----------------------------------------------------
DROP TABLE IF EXISTS Reviewed;
CREATE TABLE Reviewed (
  Rating FLOAT NULL,
  ReviewOrgName VARCHAR(45) NOT NULL,
  MovieID INT NOT NULL,
  PRIMARY KEY (ReviewOrgName, MovieID),
  INDEX MovieID_idx (MovieID ASC) VISIBLE,
  CONSTRAINT F161
    FOREIGN KEY (ReviewOrgName)
    REFERENCES ReviewOrg (OrgName)
    ON DELETE NO ACTION
    ON UPDATE NO ACTION,
  CONSTRAINT F162
    FOREIGN KEY (MovieID)
    REFERENCES Movie (EIDRContentID)
    ON DELETE NO ACTION
    ON UPDATE NO ACTION)
ENGINE = InnoDB;


SET SQL_MODE=@OLD_SQL_MODE;
SET FOREIGN_KEY_CHECKS=@OLD_FOREIGN_KEY_CHECKS;
SET UNIQUE_CHECKS=@OLD_UNIQUE_CHECKS;


INSERT INTO movie VALUES
( 1 ,'Harry Potter and the Philosophers Stone','Hollywood','PG',2001,317,22),
( 2 ,'The Dark Knight','Hollywood','PG13',2008,534,0),
( 3 ,'Inception','Hollywood','PG13',2010,292,0),
( 4 ,'Borat','Hollywood','R',2003,128,0),
( 5 ,'House of 1000 Corpses','Hollywood','R',2003,12,0),
( 6 ,'Ghost Ship','Hollywood','R',2002,30,0),
( 7 ,'Trick r Treat','Hollywood','R',2007,40,0),
( 8 ,'The Lord of the Rings: Fellowship of the Ring','Hollywood','PG13',2001,315,24),
( 9 ,'Troy','Hollywood','R',2004,133,0),
( 10 ,'Twilight','Hollywood','PG13',2008,191,0),
( 11 ,'Harry Potter and the Goblet of Fire','Hollywood','PG13',2005,290,0),
( 12 ,'Thir13en Ghosts','Hollywood','R',2001,41,0),
( 13 ,'Corpse Bride','Hollywood','R',2005,53,0),
( 14 ,'Zodiac','Hollywood','R',2007,33,0),
( 15 ,'Watchmen','Hollywood','R',2009,107,0),
( 16 ,'Gladiator','Hollywood','R',2000,187,0),
( 17 ,'Grown Ups','Hollywood','PG13',2010,162,0),
( 18 ,'The Departed','Hollywood','R',2006,132,0),
( 19 ,'Pride and Prejudice','Hollywood','PG',2005,38,0),
( 20 ,'Requiem for a Dream','Hollywood','R',2000,4,0),
( 21 ,'Inglourious Basterds','Hollywood','R',2009,120,0),
( 22 ,'Harry Potter and the Chamber of Secrets','Hollywood','PG',2002,262,23),
( 23 ,'Harry Potter and the Prisoner of Azkban','Hollywood','PG',2004,249,11),
( 24 ,'The Lord of the Rings: The Two Towers','Hollywood','PG13',2002,339,0),
( 25 ,'Happy Days','Tollywood','PG',2007,240,0),
( 26 ,'Orange','Tollywood','PG',2010,260,0),
( 27 ,'Dhee','Tollywood','PG',2007,50,0),
( 28 ,'Nuvvu Naaku Nachchav','Tollywood','PG',2001,120,0),
( 29 ,'Athadu','Tollywood','PG',2005,250,0),
( 30 ,'Anand','Tollywood','PG',2004,10,0),
( 31 ,'Aithe','Tollywood','PG',2003,5,0),
( 32 ,'Leader','Tollywood','PG',2010,348,0),
( 33 ,'Dil','Tollywood','PG',2003,25,0),
( 34 ,'Kick','Tollywood','PG',2009,300,0),
( 35 ,'Okkadu','Tollywood','PG',2003,320,0),
( 36 ,'Arya','Tollywood','PG',2004,300,0),
( 37 ,'Arya 2','Tollywood','PG',2009,320,0),
( 38 ,'Pokiri','Tollywood','PG',2006,660,0),
( 39 ,'Swades','Bollywood','PG',2004,122,0),
( 40 ,'Dil Chahta Hai','Bollywood','PG',2001,30,0),
( 41 ,'Lagaan','Bollywood','PG',2001,7,0),
( 42 ,'Bheja Fry','Bollywood','PG',2007,120,0),
( 43 ,'3 Idiots','Bollywood','PG',2009,653,0),
( 44 ,'Taare Zameen Par','Bollywood','PG',2007,122,0),
( 45 ,'Rock On','Bollywood','PG',2008,60,0),
( 46 ,'Wake Up Sid','Bollywood','PG',2009,72,0),
( 47 ,'Munna Bhai M.B.B.S','Bollywood','PG',2003,300,0),
( 48 ,'Wanted','Bollywood','PG',2009,93,0),
( 49 ,'Jab We Met','Bollywood','PG',2007,41,0),
( 50 ,'Rang De Basanti','Bollywood','PG',2006,220,0);

INSERT INTO movielanguages VALUES
( 1 ,'English'),
( 2 ,'English'),
( 2 ,'Hindi'),
( 2 ,'Telugu'),
( 3 ,'English'),
( 4 ,'English'),
( 5 ,'English'),
( 6 ,'English'),
( 7 ,'English'),
( 8 ,'English'),
( 9 ,'English'),
( 10 ,'English'),
( 10 ,'Telugu'),
( 11 ,'English'),
( 12 ,'English'),
( 13 ,'English'),
( 14 ,'English'),
( 15 ,'English'),
( 15 ,'Hindi'),
( 15 ,'Telugu'),
( 16 ,'English'),
( 17 ,'English'),
( 18 ,'English'),
( 19 ,'English'),
( 20 ,'English'),
( 20 ,'Hindi'),
( 21 ,'English'),
( 21 ,'Hindi'),
( 22 ,'English'),
( 22 ,'Hindi'),
( 23 ,'English'),
( 24 ,'English'),
( 24 ,'Hindi'),
( 24 ,'Telugu'),
( 25 ,'Telugu'),
( 25 ,'Hindi'),
( 26 ,'Telugu'),
( 27 ,'Telugu'),
( 28 ,'Telugu'),
( 29 ,'Telugu'),
( 29 ,'Hindi'),
( 29 ,'English'),
( 30 ,'Telugu'),
( 31 ,'Telugu'),
( 32 ,'Telugu'),
( 33 ,'Telugu'),
( 34 ,'Telugu'),
( 34 ,'English'),
( 35 ,'Telugu'),
( 35 ,'Hindi'),
( 35 ,'English'),
( 36 ,'Telugu'),
( 36 ,'Hindi'),
( 37 ,'Telugu'),
( 38 ,'Telugu'),
( 39 ,'Hindi'),
( 40 ,'Hindi'),
( 41 ,'Hindi'),
( 42 ,'Hindi'),
( 43 ,'Hindi'),
( 43 ,'English'),
( 43 ,'Telugu'),
( 44 ,'Hindi'),
( 45 ,'Hindi'),
( 45 ,'Telugu'),
( 46 ,'Hindi'),
( 46 ,'Telugu'),
( 47 ,'Hindi'),
( 48 ,'Hindi'),
( 49 ,'Hindi'),
( 50 ,'Hindi');

INSERT INTO productionhouse VALUES
('Universal Pictures','U.S.A'),
('Warner Bros.','U.S.A'),
('Paramount Pictures','U.S.A'),
('Columbia Pictures','U.S.A'),
('Eros International','India'),
('Dharma Productions','India'),
('Yash Raj Films','India'),
('Geetha Arts','India'),
('14 Reels Plus','India'),
('Annapurna Studios','India');

INSERT INTO produced VALUES
( 358 , 1 ,'Warner Bros.'),
( 273 , 2 ,'Columbia Pictures'),
( 252 , 3 ,'Paramount Pictures'),
( 213 , 4 ,'Universal Pictures'),
( 90 , 5 ,'Warner Bros.'),
( 224 , 6 ,'Paramount Pictures'),
( 466 , 7 ,'Universal Pictures'),
( 490 , 8 ,'Universal Pictures'),
( 329 , 9 ,'Columbia Pictures'),
( 394 , 10 ,'Paramount Pictures'),
( 129 , 11 ,'Universal Pictures'),
( 313 , 12 ,'Warner Bros.'),
( 232 , 13 ,'Columbia Pictures'),
( 324 , 14 ,'Paramount Pictures'),
( 367 , 15 ,'Warner Bros.'),
( 448 , 16 ,'Paramount Pictures'),
( 150 , 17 ,'Warner Bros.'),
( 152 , 18 ,'Columbia Pictures'),
( 408 , 19 ,'Columbia Pictures'),
( 154 , 20 ,'Universal Pictures'),
( 160 , 21 ,'Paramount Pictures'),
( 257 , 22 ,'Universal Pictures'),
( 410 , 23 ,'Warner Bros.'),
( 81 , 24 ,'Universal Pictures'),
( 54 , 25 ,'14 Reels Plus'),
( 153 , 26 ,'Annapurna Studios'),
( 500 , 27 ,'Geetha Arts'),
( 214 , 28 ,'14 Reels Plus'),
( 375 , 29 ,'14 Reels Plus'),
( 114 , 30 ,'Annapurna Studios'),
( 210 , 31 ,'14 Reels Plus'),
( 452 , 32 ,'14 Reels Plus'),
( 41 , 33 ,'14 Reels Plus'),
( 352 , 34 ,'Annapurna Studios'),
( 440 , 35 ,'Geetha Arts'),
( 176 , 36 ,'Geetha Arts'),
( 335 , 37 ,'14 Reels Plus'),
( 134 , 38 ,'Yash Raj Films'),
( 90 , 39 ,'Yash Raj Films'),
( 79 , 40 ,'Yash Raj Films'),
( 349 , 41 ,'Yash Raj Films'),
( 108 , 42 ,'Yash Raj Films'),
( 321 , 43 ,'Yash Raj Films'),
( 251 , 44 ,'Yash Raj Films'),
( 194 , 45 ,'Dharma Productions'),
( 478 , 46 ,'Yash Raj Films'),
( 302 , 47 ,'Dharma Productions'),
( 225 , 48 ,'Yash Raj Films'),
( 85 , 49 ,'Dharma Productions'),
( 335 , 50 ,'Eros International');

INSERT INTO productionoffice VALUES
('Universal Pictures','Texas', 1956 ),
('Warner Bros.','New York', 1947 ),
('Paramount Pictures','New York', 1982 ),
('Paramount Pictures','California', 1982 ),
('Paramount Pictures','Texas', 1982 ),
('Paramount Pictures','Florida', 1982 ),
('Columbia Pictures','New York', 1979 ),
('Columbia Pictures','California', 1979 ),
('Eros International','Maharashtra', 1995 ),
('Eros International','karnataka', 1995 ),
('Dharma Productions','Maharashtra', 1953 ),
('Dharma Productions','karnataka', 1953 ),
('Yash Raj Films','karnataka', 1989 ),
('Yash Raj Films','Maharashtra', 1989 ),
('Geetha Arts','Andhra Pradesh', 1931 ),
('14 Reels Plus','Telangana', 1948 ),
('Annapurna Studios','Andhra Pradesh', 1950 );

INSERT INTO productionhousefounders VALUES
('Universal Pictures','Carl Laemmle'),
('Universal Pictures','Mark Dintenfass'),
('Universal Pictures','Charles Baumann'),
('Universal Pictures','Adam Kessel'),
('Universal Pictures','Pat Powers'),
('Universal Pictures','William Swanson'),
('Warner Bros.','Harry Warner'),
('Warner Bros.','Albert Warner'),
('Warner Bros.','Sam Warner'),
('Warner Bros.','Jack Warner'),
('Paramount Pictures','Jesse L. Lasky'),
('Paramount Pictures','Adolph Zukor'),
('Columbia Pictures','Jack Cohn'),
('Columbia Pictures','Harry Cohn'),
('Eros International','Kishore Lulla'),
('Dharma Productions','Yash Johar'),
('Yash Raj Films','Yash Chopra'),
('Geetha Arts','Allu Aravind'),
('14 Reels Plus','Ram Achanta'),
('14 Reels Plus','Gopichand Achanta'),
('Annapurna Studios','Nageswara Rao Akkineni');

INSERT INTO productionhousecontent VALUES
('Universal Pictures','Movies'),
('Warner Bros.','Movies'),
('Paramount Pictures','Movies'),
('Columbia Pictures','Movies'),
('Eros International','Movies'),
('Dharma Productions','Movies'),
('Yash Raj Films','Movies'),
('Geetha Arts','Movies'),
('14 Reels Plus','Movies'),
('Annapurna Studios','Movies');

INSERT INTO StreamingPartner VALUES
("Netflix","USA",1990),
("Amazon Prime Video","USA",1985),
("Hotstar","India",1993),
("Hulu","Australia",1999),
("HBO Max","Russia",1997);

INSERT INTO streams VALUES
("English","Netflix",1),
("English","Hotstar",2),
("English","Netflix",3),
("English","Amazon Prime Video",4),
("English","Amazon Prime Video",5),
("English","Hotstar",6),
("English","HBO Max",7),
("English","Netflix",8),
("English","HBO Max",9),
("English","Amazon Prime Video",10),
("English","Hulu",11),
("English","Hulu",12),
("English","Hulu",13),
("English","Hotstar",14),
("English","Netflix",15),
("English","Netflix",16),
("English","Amazon Prime Video",17),
("English","Hulu",18),
("English","Hotstar",19),
("English","HBO Max",20),
("English","Hulu",21),
("English","Netflix",22),
("English","Netflix",23),
("Telugu","Netflix",24),
("Telugu","Netflix",25),
("Telugu","Netflix",26),
("Telugu","Hulu",27),
("Telugu","Hotstar",28),
("Telugu","Amazon Prime Video",29),
("Telugu","Hulu",30),
("Telugu","Netflix",31),
("Telugu","Amazon Prime Video",32),
("Telugu","Amazon Prime Video",33),
("Telugu","HBO Max",34),
("Telugu","HBO Max",35),
("Telugu","Hotstar",36),
("Telugu","HBO Max",37),
("Telugu","Amazon Prime Video",38),
("Hindi","Hulu",39),
("Hindi","Netflix",40),
("Hindi","Hotstar",41),
("Hindi","HBO Max",42),
("Hindi","Netflix",43),
("Hindi","Amazon Prime Video",44),
("Hindi","Hulu",45),
("Hindi","Hotstar",46),
("Hindi","Amazon Prime Video",47),
("Hindi","Netflix",48),
("Hindi","Amazon Prime Video",49),
("Hindi","Hulu",50);

INSERT INTO Cneast VALUES
("Daniel","Radcliffe","Male",1970),
("Emma","Watson","Female",1960),
("Chris","Columbus","Male",1959),
("Christian","Bale","Male",1975),
("Heath","Ledger","Male",1973),
("Christopher","Nolan","Male",1958),
("Leonardo","Dicaprio","Male",1956),
("Ellen","Page","Female",1972),
("Sacha Baron","Cohen","Male",1971),
("Ken","Davitian","Male",1968),
("Larry","Charles","Male",1958),
("Sid","Haig","Male",1959),
("Karen","Black","Female",1967),
("Rob","Zombie","Male",1956),
("Julianna","Margulies","Female",1975),
("Gabriel","Byrne","Male",1967),
("Steve","Beck","Male",1972),
("Anna","Paquin","Female",1957),
("Brian","Cox","Male",1969),
("Michael","Dougherty","Male",1975),
("Elijah","Wood","Male",1970),
("Ian","Mckellen","Male",1973),
("Peter","Jackson","Male",1968),
("Brad","Pitt","Male",1967),
("Eric","Bana","Male",1972),
("Wolfgang","Petersen","Male",1956),
("Kristen","Stewart","Female",1972),
("Robert","Pattinson","Male",1962),
("Catherine","Hardwicke","Female",1956),
("Mike","Newell","Male",1956),
("Tony","Shalhoub","Male",1971),
("Shannon","Elizabeth","Female",1961),
("Johnny","Depp","Male",1963),
("Helena","Bonham","Female",1956),
("Tim","Burton","Male",1961),
("Robert","Downey","Male",1956),
("Mark","Ruffalo","Male",1966),
("David","Fincher","Male",1972),
("Jackie Earle","Haley","Male",1970),
("Patrick","Wilson","Male",1966),
("Zack","Snyder","Male",1960),
("Russell","Crowe","Male",1966),
("Joaquin","Phoenix","Male",1968),
("Ridley","Scott","Male",1966),
("Adam","Sandler","Male",1959),
("Salma","Hayek","Female",1961),
("Dennis","Dugan","Male",1972),
("Mat","Damon","Male",1956),
("Martin","Scorsese","Male",1966),
("Keira","Knightley","Female",1973),
("Matthew","Macfadyen","Male",1958),
("Joe","Wright","Male",1957),
("Ellen","Burstyn","Female",1974),
("Jennifer","Connelly","Female",1961),
("Darren","Aronofsky","Male",1956),
("Diane","Kruger","Female",1972),
("Quentin","Tarantino","Male",1959),
("Alfonso","Cuaron","Male",1963),
("Karl","Urban","Male",1955),
("Varun","Sandesh","Male",1959),
("Tamannaah","Bhatia","Female",1961),
("Sekhar","Kammula","Male",1971),
("Ram","Charan","Male",1963),
("Genelia","D'souza","Female",1959),
("Bommarillu","Bhaskar","Male",1971),
("Vishnu","Manchu","Male",1969),
("Sreenu","Vaitla","Male",1972),
("Venkatesh","Doggubati","Male",1959),
("Aarti","Agarwal","Female",1969),
("Vijay","Bhaskar","Male",1955),
("Mahesh","Babu","Male",1970),
("Trisha","Krishnan","Female",1958),
("Trivikram","Srinivas","Male",1956),
("Raja","Abel","Male",1960),
("Kamalinee","Mukherjee","Female",1967),
("Abhishek","Upmanyu","Male",1959),
("Harinath","Babu","Male",1971),
("Chandra","Sekhar","Male",1970),
("Rana","Daggubati","Male",1968),
("Richa","Langella","Female",1967),
("Nithin","Reddy","Male",1964),
("Neha","Bamb","Female",1957),
("Venkata","Vinayak","Male",1960),
("Ravi","Teja","Male",1962),
("Ileana","D'cruz","Female",1955),
("Surender","Reddy","Male",1959),
("Bhoomika","Chawla","Female",1967),
("Guna","Shekhar","Male",1968),
("Arjun","Allu","Male",1975),
("Kajal","Agarwal","Female",1968),
("Sukumar","Bandreddi","Male",1958),
("Puri","Jagannadh","Male",1971),
("Shahrukh","Khan","Male",1967),
("Gayatri","Joshi","Female",1958),
("Ashutosh","Gowriker","Male",1969),
("Aamir","Khan","Male",1962),
("Saif Ali","Khan","Male",1966),
("Farhan","Akhtar","Male",1959),
("Raghuvir","Yadav","Male",1964),
("Vinay","Pathak","Male",1960),
("Rajat","Kapoor","Male",1961),
("Sagar","Ballary","Male",1967),
("Ranganathan","Madhavan","Male",1964),
("Rajkumar","Hirani","Male",1973),
("Darsheel","Safary","Male",1958),
("Arjun","Rampaul","Male",1959),
("Fahran","Akhtar","Male",1972),
("Abhishek","Kapoor","Male",1964),
("Ranbir","Kapoor","Male",1955),
("Konkona","Sen","Female",1964),
("Ayan","Mukherjee","Male",1975),
("Sanjay","Dutt","Male",1975),
("Arshad","Warsi","Male",1960),
("Rajkumar","Hirana","Male",1972),
("Salman","Khan","Male",1963),
("Ayesha","Takia","Female",1960),
("Prabhu","Deva","Male",1963),
("Shahid","Kapoor","Male",1963),
("Kareena","Kapoor","Female",1972),
("Imtiaz","Ali","Male",1971),
("Soha Ali","Khan","Female",1972),
("Omprakash","Mehra","Male",1960);


INSERT INTO workedIn VALUES
("Primary Lead","Daniel","Radcliffe",1),
("Secondary Lead","Emma","Watson",1),
("Director","Chris","Columbus",1),
("Primary Lead","Christian","Bale",2),
("Secondary Lead","Heath","Ledger",2),
("Director","Christopher","Nolan",2),
("Primary Lead","Leonardo","Dicaprio",3),
("Secondary Lead","Ellen","Page",3),
("Director","Christopher","Nolan",3),
("Primary Lead","Sacha Baron","Cohen",4),
("Secondary Lead","Ken","Davitian",4),
("Director","Larry","Charles",4),
("Primary Lead","Sid","Haig",5),
("Secondary Lead","Karen","Black",5),
("Director","Rob","Zombie",5),
("Primary Lead","Julianna","Margulies",6),
("Secondary Lead","Gabriel","Byrne",6),
("Director","Steve","Beck",6),
("Primary Lead","Anna","Paquin",7),
("Secondary Lead","Brian","Cox",7),
("Director","Michael","Dougherty",7),
("Primary Lead","Elijah","Wood",8),
("Secondary Lead","Ian","Mckellen",8),
("Director","Peter","Jackson",8),
("Primary Lead","Brad","Pitt",9),
("Secondary Lead","Eric","Bana",9),
("Director","Wolfgang","Petersen",9),
("Primary Lead","Kristen","Stewart",10),
("Secondary Lead","Robert","Pattinson",10),
("Director","Catherine","Hardwicke",10),
("Primary Lead","Daniel","Radcliffe",11),
("Secondary Lead","Emma","Watson",11),
("Director","Mike","Newell",11),
("Primary Lead","Tony","Shalhoub",12),
("Secondary Lead","Shannon","Elizabeth",12),
("Director","Steve","Beck",12),
("Primary Lead","Johnny","Depp",13),
("Secondary Lead","Helena","Bonham",13),
("Director","Tim","Burton",13),
("Primary Lead","Robert","Downey",14),
("Secondary Lead","Mark","Ruffalo",14),
("Director","David","Fincher",14),
("Primary Lead","Jackie Earle","Haley",15),
("Secondary Lead","Patrick","Wilson",15),
("Director","Zack","Snyder",15),
("Primary Lead","Russell","Crowe",16),
("Secondary Lead","Joaquin","Phoenix",16),
("Director","Ridley","Scott",16),
("Primary Lead","Adam","Sandler",17),
("Secondary Lead","Salma","Hayek",17),
("Director","Dennis","Dugan",17),
("Primary Lead","Leonardo","Dicaprio",18),
("Secondary Lead","Mat","Damon",18),
("Director","Martin","Scorsese",18),
("Primary Lead","Keira","Knightley",19),
("Secondary Lead","Matthew","Macfadyen",19),
("Director","Joe","Wright",19),
("Primary Lead","Ellen","Burstyn",20),
("Secondary Lead","Jennifer","Connelly",20),
("Director","Darren","Aronofsky",20),
("Primary Lead","Brad","Pitt",21),
("Secondary Lead","Diane","Kruger",21),
("Director","Quentin","Tarantino",21),
("Primary Lead","Daniel","Radcliffe",22),
("Secondary Lead","Emma","Watson",22),
("Director","Chris","Columbus",22),
("Primary Lead","Daniel","Radcliffe",23),
("Secondary Lead","Emma","Watson",23),
("Director","Alfonso","Cuaron",23),
("Primary Lead","Karl","Urban",24),
("Secondary Lead","Ian","Mckellen",24),
("Director","Peter","Jackson",24),
("Primary Lead","Varun","Sandesh",25),
("Secondary Lead","Tamannaah","Bhatia",25),
("Director","Sekhar","Kammula",25),
("Primary Lead","Ram","Charan",26),
("Secondary Lead","Genelia","D'souza",26),
("Director","Bommarillu","Bhaskar",26),
("Primary Lead","Vishnu","Manchu",27),
("Secondary Lead","Genelia","D'souza",27),
("Director","Sreenu","Vaitla",27),
("Primary Lead","Venkatesh","Doggubati",28),
("Secondary Lead","Aarti","Agarwal",28),
("Director","Vijay","Bhaskar",28),
("Primary Lead","Mahesh","Babu",29),
("Secondary Lead","Trisha","Krishnan",29),
("Director","Trivikram","Srinivas",29),
("Primary Lead","Raja","Abel",30),
("Secondary Lead","Kamalinee","Mukherjee",30),
("Director","Sekhar","Kammula",30),
("Primary Lead","Abhishek","Upmanyu",31),
("Secondary Lead","Harinath","Babu",31),
("Director","Chandra","Sekhar",31),
("Primary Lead","Rana","Daggubati",32),
("Secondary Lead","Richa","Langella",32),
("Director","Sekhar","Kammula",32),
("Primary Lead","Nithin","Reddy",33),
("Secondary Lead","Neha","Bamb",33),
("Director","Venkata","Vinayak",33),
("Primary Lead","Ravi","Teja",34),
("Secondary Lead","Ileana","D'cruz",34),
("Director","Surender","Reddy",34),
("Primary Lead","Mahesh","Babu",35),
("Secondary Lead","Bhoomika","Chawla",35),
("Director","Guna","Shekhar",35),
("Primary Lead","Arjun","Allu",36),
("Secondary Lead","Kajal","Agarwal",36),
("Director","Sukumar","Bandreddi",36),
("Primary Lead","Arjun","Allu",37),
("Secondary Lead","Kajal","Agarwal",37),
("Director","Sukumar","Bandreddi",37),
("Primary Lead","Mahesh","Babu",38),
("Secondary Lead","Ileana","D'cruz",38),
("Director","Puri","Jagannadh",38),
("Primary Lead","Shahrukh","Khan",39),
("Secondary Lead","Gayatri","Joshi",39),
("Director","Ashutosh","Gowriker",39),
("Primary Lead","Aamir","Khan",40),
("Secondary Lead","Saif Ali","Khan",40),
("Director","Farhan","Akhtar",40),
("Primary Lead","Aamir","Khan",41),
("Secondary Lead","Raghuvir","Yadav",41),
("Director","Ashutosh","Gowriker",41),
("Primary Lead","Vinay","Pathak",42),
("Secondary Lead","Rajat","Kapoor",42),
("Director","Sagar","Ballary",42),
("Primary Lead","Aamir","Khan",43),
("Secondary Lead","Ranganathan","Madhavan",43),
("Director","Rajkumar","Hirani",43),
("Primary Lead","Aamir","Khan",44),
("Secondary Lead","Darsheel","Safary",44),
("Director","Aamir","Khan",44),
("Primary Lead","Arjun","Rampaul",45),
("Secondary Lead","Fahran","Akhtar",45),
("Director","Abhishek","Kapoor",45),
("Primary Lead","Ranbir","Kapoor",46),
("Secondary Lead","Konkona","Sen",46),
("Director","Ayan","Mukherjee",46),
("Primary Lead","Sanjay","Dutt",47),
("Secondary Lead","Arshad","Warsi",47),
("Director","Rajkumar","Hirana",47),
("Primary Lead","Salman","Khan",48),
("Secondary Lead","Ayesha","Takia",48),
("Director","Prabhu","Deva",48),
("Primary Lead","Shahid","Kapoor",49),
("Secondary Lead","Kareena","Kapoor",49),
("Director","Imtiaz","Ali",49),
("Primary Lead","Aamir","Khan",50),
("Secondary Lead","Soha Ali","Khan",50),
("Director","Omprakash","Mehra",50);

INSERT INTO nationality VALUES
("Daniel","Radcliffe","USA"),
("Emma","Watson","USA"),
("Chris","Columbus","USA"),
("Christian","Bale","USA"),
("Heath","Ledger","USA"),
("Christopher","Nolan","USA"),
("Leonardo","Dicaprio","USA"),
("Ellen","Page","USA"),
("Sacha Baron","Cohen","USA"),
("Ken","Davitian","USA"),
("Larry","Charles","USA"),
("Sid","Haig","USA"),
("Karen","Black","USA"),
("Rob","Zombie","USA"),
("Julianna","Margulies","USA"),
("Gabriel","Byrne","USA"),
("Steve","Beck","USA"),
("Anna","Paquin","USA"),
("Brian","Cox","USA"),
("Michael","Dougherty","USA"),
("Elijah","Wood","USA"),
("Ian","Mckellen","USA"),
("Peter","Jackson","USA"),
("Brad","Pitt","USA"),
("Eric","Bana","USA"),
("Wolfgang","Petersen","USA"),
("Kristen","Stewart","USA"),
("Robert","Pattinson","USA"),
("Catherine","Hardwicke","USA"),
("Mike","Newell","USA"),
("Tony","Shalhoub","USA"),
("Shannon","Elizabeth","USA"),
("Johnny","Depp","USA"),
("Helena","Bonham","USA"),
("Tim","Burton","USA"),
("Robert","Downey","USA"),
("Mark","Ruffalo","USA"),
("David","Fincher","USA"),
("Jackie Earle","Haley","USA"),
("Patrick","Wilson","USA"),
("Zack","Snyder","USA"),
("Russell","Crowe","USA"),
("Joaquin","Phoenix","USA"),
("Ridley","Scott","USA"),
("Adam","Sandler","USA"),
("Salma","Hayek","USA"),
("Dennis","Dugan","USA"),
("Mat","Damon","USA"),
("Martin","Scorsese","USA"),
("Keira","Knightley","USA"),
("Matthew","Macfadyen","USA"),
("Joe","Wright","USA"),
("Ellen","Burstyn","USA"),
("Jennifer","Connelly","USA"),
("Darren","Aronofsky","USA"),
("Diane","Kruger","USA"),
("Quentin","Tarantino","USA"),
("Alfonso","Cuaron","USA"),
("Karl","Urban","USA"),
("Varun","Sandesh","India"),
("Tamannaah","Bhatia","India"),
("Sekhar","Kammula","India"),
("Ram","Charan","India"),
("Genelia","D'souza","India"),
("Bommarillu","Bhaskar","India"),
("Vishnu","Manchu","India"),
("Sreenu","Vaitla","India"),
("Venkatesh","Doggubati","India"),
("Aarti","Agarwal","India"),
("Vijay","Bhaskar","India"),
("Mahesh","Babu","India"),
("Trisha","Krishnan","India"),
("Trivikram","Srinivas","India"),
("Raja","Abel","India"),
("Kamalinee","Mukherjee","India"),
("Abhishek","Upmanyu","India"),
("Harinath","Babu","India"),
("Chandra","Sekhar","India"),
("Rana","Daggubati","India"),
("Richa","Langella","India"),
("Nithin","Reddy","India"),
("Neha","Bamb","India"),
("Venkata","Vinayak","India"),
("Ravi","Teja","India"),
("Ileana","D'cruz","India"),
("Surender","Reddy","India"),
("Bhoomika","Chawla","India"),
("Guna","Shekhar","India"),
("Arjun","Allu","India"),
("Kajal","Agarwal","India"),
("Sukumar","Bandreddi","India"),
("Puri","Jagannadh","India"),
("Shahrukh","Khan","India"),
("Gayatri","Joshi","India"),
("Ashutosh","Gowriker","India"),
("Aamir","Khan","India"),
("Saif Ali","Khan","India"),
("Farhan","Akhtar","India"),
("Raghuvir","Yadav","India"),
("Vinay","Pathak","India"),
("Rajat","Kapoor","India"),
("Sagar","Ballary","India"),
("Ranganathan","Madhavan","India"),
("Rajkumar","Hirani","India"),
("Darsheel","Safary","India"),
("Arjun","Rampaul","India"),
("Fahran","Akhtar","India"),
("Abhishek","Kapoor","India"),
("Ranbir","Kapoor","India"),
("Konkona","Sen","India"),
("Ayan","Mukherjee","India"),
("Sanjay","Dutt","India"),
("Arshad","Warsi","India"),
("Rajkumar","Hirana","India"),
("Salman","Khan","India"),
("Ayesha","Takia","India"),
("Prabhu","Deva","India"),
("Shahid","Kapoor","India"),
("Kareena","Kapoor","India"),
("Imtiaz","Ali","India"),
("Soha Ali","Khan","India"),
("Omprakash","Mehra","India");

INSERT INTO awardorganisation VALUES
("Academy Awards","Los Angeles",  1916  ),
("Golden Globe","New York",  1965  ),
("FilmFare Awards","Mumbai",  1925  ),
("Vulcan Award","France",  1920  ),
("AACTA Awards","Melbourne",  1952  );

INSERT INTO receivedcneastaward VALUES
( 2001 ,"Best Actor","Harry Potter and the Philosophers Stone","FilmFare Awards","Daniel","Radcliffe"),
( 2001 ,"Best Director","Harry Potter and the Philosophers Stone","Academy Awards","Chris","Columbus"),
( 2008 ,"Best Actor","The Dark Knight","Vulcan Award","Christian","Bale"),
( 2008 ,"Best Actor","The Dark Knight","FilmFare Awards","Heath","Ledger"),
( 2008 ,"Best Actor","The Dark Knight","AACTA Awards","Heath","Ledger"),
( 2008 ,"Best Director","The Dark Knight","Golden Globe","Christopher","Nolan"),
( 2010 ,"Best Actor","Inception","Golden Globe","Leonardo","Dicaprio"),
( 2010 ,"Best Actor","Inception","AACTA Awards","Leonardo","Dicaprio"),
( 2010 ,"Best Actor","Inception","AACTA Awards","Ellen","Page"),
( 2003 ,"Best Actor","Borat","FilmFare Awards","Sacha Baron","Cohen"),
( 2003 ,"Best Actor","House of 1000 Corpses","FilmFare Awards","Karen","Black"),
( 2003 ,"Best Director","House of 1000 Corpses","AACTA Awards","Rob","Zombie"),
( 2007 ,"Best Actor","Trick r Treat","FilmFare Awards","Brian","Cox"),
( 2007 ,"Best Director","Trick r Treat","Academy Awards","Michael","Dougherty"),
( 2007 ,"Best Director","Trick r Treat","FilmFare Awards","Michael","Dougherty"),
( 2004 ,"Best Actor","Troy","FilmFare Awards","Brad","Pitt"),
( 2004 ,"Best Actor","Troy","Academy Awards","Eric","Bana"),
( 2004 ,"Best Actor","Troy","FilmFare Awards","Eric","Bana"),
( 2008 ,"Best Actor","Twilight","FilmFare Awards","Kristen","Stewart"),
( 2008 ,"Best Actor","Twilight","Golden Globe","Robert","Pattinson"),
( 2005 ,"Best Actor","Harry Potter and the Goblet of Fire","Golden Globe","Daniel","Radcliffe"),
( 2005 ,"Best Director","Harry Potter and the Goblet of Fire","FilmFare Awards","Mike","Newell"),
( 2001 ,"Best Actor","Thir13en Ghosts","Academy Awards","Tony","Shalhoub"),
( 2001 ,"Best Actor","Thir13en Ghosts","Vulcan Award","Tony","Shalhoub"),
( 2001 ,"Best Actor","Thir13en Ghosts","AACTA Awards","Shannon","Elizabeth"),
( 2007 ,"Best Actor","Zodiac","Academy Awards","Robert","Downey"),
( 2007 ,"Best Actor","Zodiac","Golden Globe","Mark","Ruffalo"),
( 2007 ,"Best Actor","Zodiac","AACTA Awards","Mark","Ruffalo"),
( 2000 ,"Best Actor","Gladiator","Golden Globe","Russell","Crowe"),
( 2000 ,"Best Actor","Gladiator","AACTA Awards","Russell","Crowe"),
( 2010 ,"Best Director","Grown Ups","Academy Awards","Dennis","Dugan"),
( 2010 ,"Best Director","Grown Ups","Golden Globe","Dennis","Dugan"),
( 2006 ,"Best Actor","The Departed","Vulcan Award","Mat","Damon"),
( 2005 ,"Best Actor","Pride and Prejudice","FilmFare Awards","Keira","Knightley"),
( 2000 ,"Best Director","Requiem for a Dream","FilmFare Awards","Darren","Aronofsky"),
( 2009 ,"Best Actor","Inglourious Basterds","Academy Awards","Brad","Pitt"),
( 2009 ,"Best Actor","Inglourious Basterds","FilmFare Awards","Brad","Pitt"),
( 2002 ,"Best Actor","Harry Potter and the Chamber of Secrets","Vulcan Award","Emma","Watson"),
( 2002 ,"Best Director","Harry Potter and the Chamber of Secrets","Golden Globe","Chris","Columbus"),
( 2004 ,"Best Actor","Harry Potter and the Prisoner of Azkban","Academy Awards","Daniel","Radcliffe"),
( 2004 ,"Best Director","Harry Potter and the Prisoner of Azkban","Golden Globe","Alfonso","Cuaron"),
( 2002 ,"Best Actor","The Lord of the Rings: The Two Towers","FilmFare Awards","Karl","Urban"),
( 2002 ,"Best Actor","The Lord of the Rings: The Two Towers","AACTA Awards","Karl","Urban"),
( 2002 ,"Best Director","The Lord of the Rings: The Two Towers","FilmFare Awards","Peter","Jackson"),
( 2007 ,"Best Actor","Happy Days","Vulcan Award","Varun","Sandesh"),
( 2007 ,"Best Director","Happy Days","Academy Awards","Sekhar","Kammula"),
( 2010 ,"Best Actor","Orange","Golden Globe","Ram","Charan"),
( 2001 ,"Best Actor","Nuvvu Naaku Nachchav","Vulcan Award","Aarti","Agarwal"),
( 2005 ,"Best Director","Athadu","Academy Awards","Trivikram","Srinivas"),
( 2004 ,"Best Actor","Anand","Vulcan Award","Raja","Abel"),
( 2004 ,"Best Director","Anand","Golden Globe","Sekhar","Kammula"),
( 2004 ,"Best Director","Anand","Vulcan Award","Sekhar","Kammula"),
( 2003 ,"Best Actor","Aithe","Vulcan Award","Harinath","Babu"),
( 2010 ,"Best Actor","Leader","AACTA Awards","Richa","Langella"),
( 2003 ,"Best Actor","Dil","AACTA Awards","Neha","Bamb"),
( 2003 ,"Best Director","Dil","AACTA Awards","Venkata","Vinayak"),
( 2009 ,"Best Actor","Kick","Academy Awards","Ravi","Teja"),
( 2003 ,"Best Director","Okkadu","FilmFare Awards","Guna","Shekhar"),
( 2004 ,"Best Actor","Arya","Golden Globe","Arjun","Allu"),
( 2006 ,"Best Director","Pokiri","Golden Globe","Puri","Jagannadh"),
( 2006 ,"Best Director","Pokiri","Vulcan Award","Puri","Jagannadh"),
( 2004 ,"Best Actor","Swades","Golden Globe","Shahrukh","Khan"),
( 2004 ,"Best Actor","Swades","Golden Globe","Gayatri","Joshi"),
( 2001 ,"Best Actor","Lagaan","Golden Globe","Aamir","Khan"),
( 2001 ,"Best Director","Lagaan","Academy Awards","Ashutosh","Gowriker"),
( 2001 ,"Best Director","Lagaan","Golden Globe","Ashutosh","Gowriker"),
( 2001 ,"Best Director","Lagaan","FilmFare Awards","Ashutosh","Gowriker"),
( 2007 ,"Best Actor","Bheja Fry","Golden Globe","Vinay","Pathak"),
( 2009 ,"Best Actor","3 Idiots","FilmFare Awards","Aamir","Khan"),
( 2007 ,"Best Actor","Taare Zameen Par","FilmFare Awards","Darsheel","Safary"),
( 2007 ,"Best Director","Taare Zameen Par","Vulcan Award","Aamir","Khan"),
( 2008 ,"Best Actor","Rock On","AACTA Awards","Fahran","Akhtar"),
( 2009 ,"Best Actor","Wake Up Sid","Vulcan Award","Konkona","Sen"),
( 2009 ,"Best Actor","Wanted","Academy Awards","Ayesha","Takia"),
( 2009 ,"Best Actor","Wanted","Vulcan Award","Ayesha","Takia");

INSERT INTO receivedmovieaward VALUES
( 2001 ,"Best Movie","Academy Awards", 1 ),
( 2008 ,"Best Drama","Academy Awards", 2 ),
( 2008 ,"Best Comedy","AACTA Awards", 2 ),
( 2003 ,"Best Movie","AACTA Awards", 4 ),
( 2003 ,"Best Comedy","AACTA Awards", 5 ),
( 2003 ,"Best Drama","AACTA Awards", 5 ),
( 2002 ,"Best Comedy","FilmFare Awards", 6 ),
( 2002 ,"Best Drama","FilmFare Awards", 6 ),
( 2007 ,"Best Drama","Academy Awards", 7 ),
( 2001 ,"Best Drama","Golden Globe", 8 ),
( 2008 ,"Best Movie","Golden Globe", 10 ),
( 2008 ,"Best Comedy","Golden Globe", 10 ),
( 2008 ,"Best Drama","Golden Globe", 10 ),
( 2005 ,"Best Drama","Academy Awards", 11 ),
( 2005 ,"Best Comedy","Golden Globe", 11 ),
( 2005 ,"Best Movie","AACTA Awards", 11 ),
( 2001 ,"Best Drama","Vulcan Award", 12 ),
( 2007 ,"Best Drama","Golden Globe", 14 ),
( 2009 ,"Best Drama","Academy Awards", 15 ),
( 2010 ,"Best Comedy","Vulcan Award", 17 ),
( 2006 ,"Best Movie","FilmFare Awards", 18 ),
( 2006 ,"Best Comedy","FilmFare Awards", 18 ),
( 2005 ,"Best Comedy","AACTA Awards", 19 ),
( 2009 ,"Best Drama","Golden Globe", 21 ),
( 2004 ,"Best Comedy","Golden Globe", 23 ),
( 2004 ,"Best Drama","Golden Globe", 23 ),
( 2002 ,"Best Movie","FilmFare Awards", 24 ),
( 2002 ,"Best Drama","Vulcan Award", 24 ),
( 2002 ,"Best Comedy","AACTA Awards", 24 ),
( 2007 ,"Best Comedy","Golden Globe", 25 ),
( 2010 ,"Best Drama","FilmFare Awards", 26 ),
( 2007 ,"Best Drama","Vulcan Award", 27 ),
( 2001 ,"Best Movie","AACTA Awards", 28 ),
( 2010 ,"Best Movie","Academy Awards", 32 ),
( 2010 ,"Best Comedy","Academy Awards", 32 ),
( 2003 ,"Best Drama","Academy Awards", 33 ),
( 2004 ,"Best Movie","Golden Globe", 36 ),
( 2004 ,"Best Drama","Golden Globe", 36 ),
( 2009 ,"Best Drama","Academy Awards", 37 ),
( 2009 ,"Best Movie","Vulcan Award", 37 ),
( 2009 ,"Best Comedy","Vulcan Award", 37 ),
( 2004 ,"Best Movie","Golden Globe", 39 ),
( 2004 ,"Best Drama","Golden Globe", 39 ),
( 2001 ,"Best Comedy","Academy Awards", 41 ),
( 2001 ,"Best Drama","FilmFare Awards", 41 ),
( 2007 ,"Best Movie","Academy Awards", 42 ),
( 2009 ,"Best Drama","FilmFare Awards", 46 ),
( 2009 ,"Best Drama","Vulcan Award", 48 ),
( 2007 ,"Best Movie","Academy Awards", 49 ),
( 2006 ,"Best Drama","Vulcan Award", 50 );


INSERT INTO revieworg VALUES
("IMDB",  10.0  ),
("Rotten Tomatoes",  5.0  ),
("The Guardian",  10.0  ),
("Times of India",  5.0  ),
("BBC",  5.0  );

INSERT INTO reviewed VALUES
( 5.8 ,"IMDB", 1 ),
( 4.1 ,"Rotten Tomatoes", 1 ),
( 5.5 ,"The Guardian", 1 ),
( 2.0 ,"Times of India", 1 ),
( 1.4 ,"BBC", 1 ),
( 8.3 ,"IMDB", 2 ),
( 3.5 ,"Rotten Tomatoes", 2 ),
( 7.5 ,"The Guardian", 2 ),
( 4.5 ,"Times of India", 2 ),
( 2.6 ,"BBC", 2 ),
( 7.1 ,"IMDB", 3 ),
( 2.2 ,"Rotten Tomatoes", 3 ),
( 7.1 ,"The Guardian", 3 ),
( 4.2 ,"Times of India", 3 ),
( 3.5 ,"BBC", 3 ),
( 4.8 ,"IMDB", 4 ),
( 1.6 ,"Rotten Tomatoes", 4 ),
( 5.1 ,"The Guardian", 4 ),
( 1.8 ,"Times of India", 4 ),
( 2.6 ,"BBC", 4 ),
( 8.7 ,"IMDB", 5 ),
( 3.7 ,"Rotten Tomatoes", 5 ),
( 3.7 ,"The Guardian", 5 ),
( 1.4 ,"Times of India", 5 ),
( 3.7 ,"BBC", 5 ),
( 6.6 ,"IMDB", 6 ),
( 3.1 ,"Rotten Tomatoes", 6 ),
( 5.1 ,"The Guardian", 6 ),
( 1.7 ,"Times of India", 6 ),
( 3.3 ,"BBC", 6 ),
( 2.8 ,"IMDB", 7 ),
( 1.5 ,"Rotten Tomatoes", 7 ),
( 9.7 ,"The Guardian", 7 ),
( 2.4 ,"Times of India", 7 ),
( 3.0 ,"BBC", 7 ),
( 7.2 ,"IMDB", 8 ),
( 2.6 ,"Rotten Tomatoes", 8 ),
( 8.2 ,"The Guardian", 8 ),
( 3.0 ,"Times of India", 8 ),
( 4.7 ,"BBC", 8 ),
( 5.0 ,"IMDB", 9 ),
( 2.5 ,"Rotten Tomatoes", 9 ),
( 2.8 ,"The Guardian", 9 ),
( 2.8 ,"Times of India", 9 ),
( 1.6 ,"BBC", 9 ),
( 5.0 ,"IMDB", 10 ),
( 1.6 ,"Rotten Tomatoes", 10 ),
( 3.2 ,"The Guardian", 10 ),
( 4.0 ,"Times of India", 10 ),
( 2.1 ,"BBC", 10 ),
( 4.6 ,"IMDB", 11 ),
( 2.8 ,"Rotten Tomatoes", 11 ),
( 9.5 ,"The Guardian", 11 ),
( 2.4 ,"Times of India", 11 ),
( 2.0 ,"BBC", 11 ),
( 9.1 ,"IMDB", 12 ),
( 2.1 ,"Rotten Tomatoes", 12 ),
( 9.4 ,"The Guardian", 12 ),
( 1.8 ,"Times of India", 12 ),
( 4.3 ,"BBC", 12 ),
( 8.2 ,"IMDB", 13 ),
( 1.4 ,"Rotten Tomatoes", 13 ),
( 7.6 ,"The Guardian", 13 ),
( 2.6 ,"Times of India", 13 ),
( 2.2 ,"BBC", 13 ),
( 8.5 ,"IMDB", 14 ),
( 2.9 ,"Rotten Tomatoes", 14 ),
( 4.4 ,"The Guardian", 14 ),
( 4.9 ,"Times of India", 14 ),
( 3.6 ,"BBC", 14 ),
( 9.8 ,"IMDB", 15 ),
( 1.9 ,"Rotten Tomatoes", 15 ),
( 10.0 ,"The Guardian", 15 ),
( 2.5 ,"Times of India", 15 ),
( 1.7 ,"BBC", 15 ),
( 5.2 ,"IMDB", 16 ),
( 2.8 ,"Rotten Tomatoes", 16 ),
( 9.8 ,"The Guardian", 16 ),
( 3.6 ,"Times of India", 16 ),
( 3.3 ,"BBC", 16 ),
( 3.2 ,"IMDB", 17 ),
( 3.7 ,"Rotten Tomatoes", 17 ),
( 9.0 ,"The Guardian", 17 ),
( 1.9 ,"Times of India", 17 ),
( 2.8 ,"BBC", 17 ),
( 3.7 ,"IMDB", 18 ),
( 4.3 ,"Rotten Tomatoes", 18 ),
( 6.8 ,"The Guardian", 18 ),
( 3.8 ,"Times of India", 18 ),
( 2.8 ,"BBC", 18 ),
( 4.9 ,"IMDB", 19 ),
( 3.1 ,"Rotten Tomatoes", 19 ),
( 3.7 ,"The Guardian", 19 ),
( 3.2 ,"Times of India", 19 ),
( 3.0 ,"BBC", 19 ),
( 6.1 ,"IMDB", 20 ),
( 4.8 ,"Rotten Tomatoes", 20 ),
( 8.0 ,"The Guardian", 20 ),
( 1.6 ,"Times of India", 20 ),
( 3.6 ,"BBC", 20 ),
( 5.8 ,"IMDB", 21 ),
( 4.4 ,"Rotten Tomatoes", 21 ),
( 4.5 ,"The Guardian", 21 ),
( 1.6 ,"Times of India", 21 ),
( 1.9 ,"BBC", 21 ),
( 9.3 ,"IMDB", 22 ),
( 2.0 ,"Rotten Tomatoes", 22 ),
( 5.5 ,"The Guardian", 22 ),
( 2.9 ,"Times of India", 22 ),
( 3.1 ,"BBC", 22 ),
( 6.0 ,"IMDB", 23 ),
( 2.1 ,"Rotten Tomatoes", 23 ),
( 8.2 ,"The Guardian", 23 ),
( 4.5 ,"Times of India", 23 ),
( 4.2 ,"BBC", 23 ),
( 7.0 ,"IMDB", 24 ),
( 4.9 ,"Rotten Tomatoes", 24 ),
( 5.9 ,"The Guardian", 24 ),
( 2.0 ,"Times of India", 24 ),
( 2.6 ,"BBC", 24 ),
( 4.6 ,"IMDB", 25 ),
( 1.9 ,"Rotten Tomatoes", 25 ),
( 3.9 ,"The Guardian", 25 ),
( 4.1 ,"Times of India", 25 ),
( 2.4 ,"BBC", 25 ),
( 7.7 ,"IMDB", 26 ),
( 3.3 ,"Rotten Tomatoes", 26 ),
( 6.5 ,"The Guardian", 26 ),
( 1.4 ,"Times of India", 26 ),
( 1.4 ,"BBC", 26 ),
( 8.4 ,"IMDB", 27 ),
( 2.6 ,"Rotten Tomatoes", 27 ),
( 6.0 ,"The Guardian", 27 ),
( 2.3 ,"Times of India", 27 ),
( 2.6 ,"BBC", 27 ),
( 3.7 ,"IMDB", 28 ),
( 2.5 ,"Rotten Tomatoes", 28 ),
( 6.1 ,"The Guardian", 28 ),
( 2.5 ,"Times of India", 28 ),
( 4.4 ,"BBC", 28 ),
( 8.0 ,"IMDB", 29 ),
( 3.3 ,"Rotten Tomatoes", 29 ),
( 5.2 ,"The Guardian", 29 ),
( 4.7 ,"Times of India", 29 ),
( 3.3 ,"BBC", 29 ),
( 5.4 ,"IMDB", 30 ),
( 2.4 ,"Rotten Tomatoes", 30 ),
( 6.5 ,"The Guardian", 30 ),
( 1.6 ,"Times of India", 30 ),
( 2.0 ,"BBC", 30 ),
( 4.6 ,"IMDB", 31 ),
( 1.4 ,"Rotten Tomatoes", 31 ),
( 8.1 ,"The Guardian", 31 ),
( 4.7 ,"Times of India", 31 ),
( 5.0 ,"BBC", 31 ),
( 8.0 ,"IMDB", 32 ),
( 1.7 ,"Rotten Tomatoes", 32 ),
( 3.9 ,"The Guardian", 32 ),
( 2.4 ,"Times of India", 32 ),
( 2.9 ,"BBC", 32 ),
( 8.5 ,"IMDB", 33 ),
( 3.8 ,"Rotten Tomatoes", 33 ),
( 5.1 ,"The Guardian", 33 ),
( 2.6 ,"Times of India", 33 ),
( 2.6 ,"BBC", 33 ),
( 5.9 ,"IMDB", 34 ),
( 3.1 ,"Rotten Tomatoes", 34 ),
( 9.5 ,"The Guardian", 34 ),
( 3.1 ,"Times of India", 34 ),
( 1.3 ,"BBC", 34 ),
( 3.4 ,"IMDB", 35 ),
( 2.8 ,"Rotten Tomatoes", 35 ),
( 9.6 ,"The Guardian", 35 ),
( 2.2 ,"Times of India", 35 ),
( 4.6 ,"BBC", 35 ),
( 9.8 ,"IMDB", 36 ),
( 4.4 ,"Rotten Tomatoes", 36 ),
( 8.0 ,"The Guardian", 36 ),
( 5.0 ,"Times of India", 36 ),
( 1.9 ,"BBC", 36 ),
( 8.5 ,"IMDB", 37 ),
( 3.7 ,"Rotten Tomatoes", 37 ),
( 9.3 ,"The Guardian", 37 ),
( 1.9 ,"Times of India", 37 ),
( 2.4 ,"BBC", 37 ),
( 8.4 ,"IMDB", 38 ),
( 3.8 ,"Rotten Tomatoes", 38 ),
( 5.9 ,"The Guardian", 38 ),
( 1.8 ,"Times of India", 38 ),
( 2.8 ,"BBC", 38 ),
( 5.0 ,"IMDB", 39 ),
( 2.0 ,"Rotten Tomatoes", 39 ),
( 2.9 ,"The Guardian", 39 ),
( 2.3 ,"Times of India", 39 ),
( 3.5 ,"BBC", 39 ),
( 4.7 ,"IMDB", 40 ),
( 3.8 ,"Rotten Tomatoes", 40 ),
( 3.7 ,"The Guardian", 40 ),
( 1.5 ,"Times of India", 40 ),
( 1.8 ,"BBC", 40 ),
( 3.9 ,"IMDB", 41 ),
( 4.6 ,"Rotten Tomatoes", 41 ),
( 4.8 ,"The Guardian", 41 ),
( 1.7 ,"Times of India", 41 ),
( 1.4 ,"BBC", 41 ),
( 5.7 ,"IMDB", 42 ),
( 4.6 ,"Rotten Tomatoes", 42 ),
( 7.5 ,"The Guardian", 42 ),
( 3.9 ,"Times of India", 42 ),
( 3.9 ,"BBC", 42 ),
( 9.1 ,"IMDB", 43 ),
( 3.5 ,"Rotten Tomatoes", 43 ),
( 5.8 ,"The Guardian", 43 ),
( 4.1 ,"Times of India", 43 ),
( 4.5 ,"BBC", 43 ),
( 4.8 ,"IMDB", 44 ),
( 2.4 ,"Rotten Tomatoes", 44 ),
( 7.6 ,"The Guardian", 44 ),
( 4.9 ,"Times of India", 44 ),
( 4.3 ,"BBC", 44 ),
( 8.8 ,"IMDB", 45 ),
( 3.6 ,"Rotten Tomatoes", 45 ),
( 3.2 ,"The Guardian", 45 ),
( 3.9 ,"Times of India", 45 ),
( 3.1 ,"BBC", 45 ),
( 9.7 ,"IMDB", 46 ),
( 1.5 ,"Rotten Tomatoes", 46 ),
( 5.5 ,"The Guardian", 46 ),
( 4.2 ,"Times of India", 46 ),
( 5.0 ,"BBC", 46 ),
( 6.1 ,"IMDB", 47 ),
( 2.7 ,"Rotten Tomatoes", 47 ),
( 7.4 ,"The Guardian", 47 ),
( 1.9 ,"Times of India", 47 ),
( 1.7 ,"BBC", 47 ),
( 6.3 ,"IMDB", 48 ),
( 3.7 ,"Rotten Tomatoes", 48 ),
( 5.6 ,"The Guardian", 48 ),
( 3.1 ,"Times of India", 48 ),
( 4.0 ,"BBC", 48 ),
( 6.9 ,"IMDB", 49 ),
( 2.5 ,"Rotten Tomatoes", 49 ),
( 5.7 ,"The Guardian", 49 ),
( 2.4 ,"Times of India", 49 ),
( 4.1 ,"BBC", 49 ),
( 8.3 ,"IMDB", 50 ),
( 4.7 ,"Rotten Tomatoes", 50 ),
( 7.6 ,"The Guardian", 50 ),
( 1.8 ,"Times of India", 50 ),
( 4.7 ,"BBC", 50 );

