Q_ID,relevance_score
38411816,0.09688039138673554
30138659,0.04336209868131598
35831668,-0.007461942804576925
14389502,0.0581765401575163
29571153,-0.010095961202211012
29890428,-0.016904793952581737
26290097,-0.004457030986268255
860876,0.08788210320181336
13941774,0.3289999452291237
39581385,0.06412960636258343
40091938,-0.007578933058019724
16741845,0.04152361400709289
23384947,0.02035833946411994
38042879,-0.019338191224191892
4996342,0.10718897041021705
12253439,0.13448453423359252
5015549,0.048626660086241794
16928917,0.0030303452340706832
14559458,0.08692278312358244
28638722,0.041232876068657096
169318,0.25300956253251417
22141901,-0.005299360811056385
52276940,0.011009080518869355
19585961,0.08192556160640387
3788558,-0.011921009155918635
48994492,0.0560772015353767
2406386,0.012767409710853668
26545316,0.03562730523357598
48366260,-0.0093004274788
12646467,0.003628733221800122
10978031,0.043398933452519994
37074917,0.017049252986859997
16594856,-0.001004080814534597
7393629,0.009819255324095215
15618442,0.004681645502785284
18356503,0.012673817508099434
37427933,0.008672750840355813
20279882,0.025636337589561214
1349343,-0.020040132744848664
13911772,0.11531805532932018
20582993,0.03287977197284147
311986,0.06065673353050357
34997535,0.0828749203544617
29490464,0.05743776386565551
842365,0.09119466506941568
29341244,0.04293097243874881
23327352,1.6622398882739893
24257329,0.1340399712705099
21854931,0.020334941413431368
27995163,0.018242553571976516
20286185,-0.008341107400569078
808577,-0.022262947560261787
49342121,-0.002257614221543691
1961259,0.04327846780873484
11954588,0.029533850724377503
40244193,0.03000181173814869
20516209,-0.022918092979541442
2209609,0.1715739199653012
1644274,0.04447524378419372
4277389,0.028069734861171362
48771194,0.041978138300348605
1549654,0.01265041945741087
14323382,0.30370665243479117
31788782,0.013900477474077605
17008815,0.013877079423389047
17901877,0.011363526669540117
18646783,0.011513876303844567
14356796,-0.024087995513969403
50903373,0.0012988894831173076
30477584,0.033240704063342945
18434553,0.03002173439849487
48795785,-0.015500910911268186
27007359,0.07362921494213845
19849758,0.0069846158004371744
15483797,0.03690076130093127
49916017,0.017634204254073978
19527434,0.6020964366078637
40417922,0.07248271045839905
20273494,-0.013535474653429212
12403710,-0.0024313619065367068
22305139,0.04071811895350879
25818307,0.1076599419734766
21002915,0.10445788441948635
26307141,0.03072367591915165
15145006,0.01382032199183883
51012917,-0.0014252457269286617
40640067,0.009678867019963858
294550,0.06714795490140757
12636809,0.09877563349250884
32584774,0.012683778838272528
11853419,0.023507114976902325
15054647,0.0301655980929686
16927232,0.01559857384416933
19234574,0.06576399452044021
20623355,0.04412427302386533
31158789,0.017213039341679913
51732032,0.0223237757219589
20557179,0.16134897181440083
41759678,0.047550349754568066
49472952,0.011771254861418723
15209629,0.022688183202802754
21627460,0.05708679310532712
15546765,0.09423641165892836
32798316,-0.0040458274040472905
40629373,0.07942845612255875
37200717,0.02284849416728031
32920548,0.00037640417609039606
13302561,0.19527568047195762
18226051,-0.003882041049227375
39430876,-0.00631543832083753
26474608,0.022978921141238562
51885339,-0.004737807594530963
43792314,0.027942783277555477
23822447,-0.021818384597179163
4334885,0.017657602304762536
23564097,-0.01615605633054784
32910332,0.10395656402485352
39581819,0.0003296080747132793
38458080,-0.0037416527450960177
19942534,0.10281005954111412
45033526,0.026164531425224985
8899202,0.06060993742912645
15007700,0.12195314039469789
40150211,0.01577232152916233
35453825,0.00822818787727319
51449836,0.06413609230241415
5760006,0.006881062267509848
47967927,0.0029735878025204665
912921,-0.033764827168859805
12423750,1.610790585359336
26433697,0.04272038998255178
26090130,0.00941801307204733
30033322,0.0404338669549037
25949110,0.12594424573226842
34966098,0.04015656573698337
2061553,-0.018121492588386814
30277306,0.11087891163832467
38324561,0.14076517314829945
32651967,0.29492890803623917
4009018,-0.024064597463280844
2826240,0.06548669330251985
22685515,0.023741095483787923
22192514,0.037699770414684655
21800366,0.011654264607975917
12609318,0.09229437345177796
24720723,0.01665148612515449
12367275,0.050277960354956394
15999526,-0.018378871145960964
13830881,0.12444978103768897
46159416,0.027775521532393183
1784268,0.008625954738978696
21709058,0.4056957448367323
1408693,0.1499541211290725
20765920,0.1054072431675442
9745213,0.009491682614455384
28345836,1.0002460124276333
18198044,0.09576724628385781
20578504,0.0334980826209171
20647456,0.03507918873756603
45386569,-0.006432428574280322
14885298,-0.01510314404956268
4085406,0.004564655249342492
42482171,0.12191630562349387
30070108,0.008906731347241403
17436756,0.023620629840002752
18278133,0.010334012439243513
26985666,0.06045263701413727
16947791,0.04382658430474479
11975896,0.02093332940116082
13901372,0.022113193265761874
8613338,0.005828149986524686
141426,1.2856667905794132
38916966,0.015244127693498574
35461165,0.00493902406035944
12428176,0.09058631575151313
6128473,-0.009838582644636863
29220055,0.05323607607188795
9348358,-0.012763338980706765
41678753,-0.022660714421967293
32744568,0.05266456152518943
30510874,0.022922163709688352
31006487,0.023801328305680505
4013953,-0.013933241515134719
21876487,-0.010376737810473727
45255064,0.11739052051042885
17569543,0.036132101018551195
1099353,0.010133391313219574
24086389,0.17791131631155838
35140588,0.02175226117526039
29673951,0.26823173220059315
14465076,0.012122225621747099
18389676,0.11481673493468733
52953004,0.07409717595590964
19871410,0.029577171435412247
574910,0.05839708394388643
16144392,0.032365014857693164
14892749,0.0030905780559632584
12273383,-0.0022207794503396744
49399032,0.010273779617350931
22570114,0.015762360198989245
39642072,0.04190145820845221
36642457,0.08206594991053522
51254039,-0.020250715201045696
23281871,0.02705365735139023
21655159,0.07172401150619206
25069673,0.049796562620669754
4318967,-0.014097027869954634
21941670,0.3014534887880048
50598390,-0.03968453399306528
4832098,0.015468146870211058
25785081,0.009023721600684202
21699389,0.02474721166339596
17226978,0.15822359435230698
28111947,-0.014588386934414374
21167760,0.24097948908825242
26069657,0.05511788145714578
48244188,-0.006221846118083289
4159852,-0.004162817657490082
3562514,-0.0031099053765049206
27278515,0.022791736735730095
23193242,-0.020484695707931287
30788186,0.07010954600868148
15832988,0.026899832326743416
46163696,0.09533612004129065
15537072,0.040821672486436124
20117693,-0.015781687519530893
19111876,0.039571614469769395
15862023,0.049412232479479706
51459398,-0.0016592262338142524
21255459,0.1057950486990766
38931940,-0.020274113251734255
3077079,0.4953341418654565
54723239,-0.019899744440717307
22339878,-0.01912760876799486
17286074,0.014732845968692641
52539313,0.01765412691442017
26245655,0.031499286982216476
21584663,0.05718038530808135
661300,0.24957653502112676
20604394,0.005734557783770446
12151503,0.13235531162093364
17371216,-0.009043048921225857
48630139,-0.019572171731077483
25732259,0.10581844674976515
19594726,-0.004363438783514015
48368255,-0.01283353313277244
14814847,0.22947760947965443
48406410,-0.005426312394672277
11629071,0.001242132051567084
51141360,0.02836047279960717
12651298,0.23181741454851035
27298361,0.00557077142895053
37736505,0.01591270983329368
43610392,0.09409254796445464
17559475,0.017864709370617196
20788751,-0.0196189678324546
28795754,0.041373264372788446
25968631,-0.01816828868976393
51232576,-0.023456248145378306
51796072,0.03532313057462471
28252995,0.11318535732631892
36942612,0.0036521312724886804
41769085,0.009468284563766825
31915538,0.04388681712663738
20983780,0.15446646952162207
26789296,0.07753668940712784
20470547,0.297816829601105
21257516,0.12648240089810528
7429157,0.3138748431541414
21959084,0.01915507754883032
37264260,-0.014143823971331751
29040327,0.029978413687460126
14193025,-0.022730908574032968
36424589,0.06726494515485036
11852648,0.10206132191908023
686314,0.15084324705523774
30505961,0.03196724799598766
26713129,0.05682941454775296
717744,0.11034770725317253
23315264,0.04036714819318041
33013942,-0.006399069193418663
41526656,-0.007274758399068451
25063364,0.0009847534939929348
36471116,0.08626416231396042
5674454,0.0116074685065988
2280323,-0.0011345077884928473
1920390,0.02597734701971651
53069880,0.046199748754462366
4809471,0.050956503824924615
821346,0.03640940223647153
38984317,-0.02151420993822789
28430762,-6.815878699222705e-05
47676532,0.04821893189436319
36426838,0.03449423747035205
41630864,0.5607451302604949
48222979,0.07004931318678889
22730576,-0.022075763154753313
53520003,-0.0015890320817485773
1658087,-0.014588386934414374
12015233,0.02889862796544404
564878,0.07428436036141811
18483327,0.08055851333629435
31485450,0.1545600617243763
20593474,0.04513038920347338
32841223,0.019178475599518886
37228140,0.045959282307746055
12044344,0.12016492721219431
26841280,0.02968420035868196
2498737,-0.0034140800354561934
21186662,0.021728863124571833
6441228,0.014920030374201108
13794050,0.22590766905447793
24652184,0.4149414502490555
29331536,-0.006409030523591763
16908390,0.006657043090797357
33844913,0.014779642070069758
36631456,0.012182458443639688
25987989,0.07577488482480117
5594930,0.1755182292014946
2477610,0.5344725947275852
33753782,0.040062973534229135
13607810,0.1535071494433911
34203814,0.000947918722788918
21087460,0.03624561588165162
1893312,0.026679288540373283
7522103,0.020615718021694082
581356,0.14280080355820413
12584802,0.0013591223050098827
50687081,0.05017741737151743
30081894,10.329224781501702
51374546,0.08334936730806361
16507825,0.002505626788749285
19024857,0.013198535953420826
22878943,0.00959523614738271
20298944,0.03528977119376306
28642688,-0.003016313173750687
23475976,0.03950142031770371
54479731,0.01209882757105854
23403870,0.06293630577746691
15305248,0.24497059442582292
26093118,0.12263816980449684
452403,0.059510229046764174
17726210,0.1254996827691858
1994563,0.09046932549807034
54079301,0.002702772524430852
29394599,0.03711481914747068
33801925,0.015351156616768266
34433283,-0.007919942488175014
37318577,0.11945951030119516
8680666,-0.0003255373445663762
19200375,0.019399019385889005
18452363,0.18669253610045275
39811695,0.05118700894146783
41012261,0.07803152386192995
31744279,0.05011417400013648
14563105,0.10242572939992407
7793096,0.09016515083911907
27611349,0.010671546479056437
37877633,-0.013488678552052095
40327593,0.0047384029343355005
13939605,0.025813560664896595
12428087,0.17121298787479972
4584108,0.06011857836466671
13852865,0.01880410678850194
17855145,0.030198957473830258
12585977,0.06762935263569421
15140202,0.02836394818994955
8598159,0.01676847637859729
21183429,0.0003062100240247209
33988740,0.05142098944835343
29957722,0.027742162151531545
21342994,0.034901965662230645
50866343,0.1263116637626006
18195698,0.0216352709218176
21223226,0.046581068346164045
35256767,0.014087661879586072
43561820,0.025004590220970117
25239329,0.01880410678850194
14609698,0.08774171489768201
17294002,0.1075733005514071
32896980,0.002248248231175129
13903767,0.039561653139596295
25973438,0.16069382639512114
11168715,0.09808365330202516
27402918,0.01786818476095957
8444389,0.11500391934019581
17661465,0.07308109844612849
47832780,0.12280890694000149
17570045,0.34883500627319114
32829980,-0.0012146632707316293
33686315,0.02113047513684238
36057861,-0.017910910132189782
31211107,0.08805585088680637
15576803,0.03795714897225881
32075472,-0.018612851652846554
13635266,0.05561920185177861
1519440,-0.00537951629329516
278056,-0.013114309741035148
48265938,0.08336280402857907
30045066,0.0534934546294621
21805981,0.03910017806565583
25021649,0.036773809717315385
28580795,0.11292797876874477
28252201,0.009665430299448385
353686,0.0672515084343349
20388234,0.06961818694422173
52238885,0.08550198797141105
25057015,0.04040050757404206
54732451,0.07456513696968081
18677530,-0.022262947560261787
44284085,0.6773549937932971
15456323,0.010918963706457493
17390210,0.04417106912524245
42333471,-0.021093045025833826
30793582,0.08049480512405939
472681,0.08198231903795408
39191759,0.011995274038131214
2157049,0.9930428882058995
45699897,-0.015851881671596575
19778338,0.09302967435329638
22864442,0.016838670530662965
8467248,0.5445337565236656
44355438,0.04682501018322273
28031350,0.0013357242543213244
12591875,0.07472892332450073
909919,-0.018873705600763083
27239444,0.00695125641957553
21666260,0.004354072793145453
54364871,0.07051379881021771
2925505,-0.00013835293905790913
26907284,0.11749407404335618
18500637,0.07068106055538
3479003,0.024947832789419908
6904233,-0.022028967053376196
14015533,0.010427604641997747
28460506,-0.001672662954329704
49472848,0.03465802382517197
14175142,0.06177983996355441
23636871,0.05243058101830384
2892405,-0.010049165100833896
49908943,0.10458483600310224
19027208,-0.0072981564497570164
53490163,0.013586341484953239
33485955,0.04918821330276721
8531133,0.00709164472370688
44808556,0.048626660086241794
24941749,0.026338279110217987
2736175,0.042533205577043307
19045053,0.020278183981881165
1223982,0.1485134033165549
15149084,0.01813552464870681
16061071,0.014779642070069758
29459021,-0.008692078160897468
29581729,0.0665998384053976
41551693,0.08208934796122377
30471889,0.005406985074130621
12953222,0.027357832010341504
21506549,0.013937312245281629
27680368,-0.005870875357754907
19841810,0.03462118905396793
15121719,0.10225846765476178
15309267,0.031990646046676216
27208173,0.13216812721542515
20871400,0.05969741345227264
23161834,-0.002304410322920808
35072679,0.017737757787001304
19167500,0.0027963647271850994
27845618,-0.006666409081165919
16743930,0.048954232795881625
22959485,0.03186021907271796
17088322,0.045036797000719136
10075535,-0.00948761188430848
887363,3.8598608245222703
33318824,0.007021450571641205
35553765,0.02908928776129488
51810361,0.18225941350843394
48826875,0.0609843062401434
30165768,0.06693737244521053
13473515,0.3737673669770222
17231306,-0.021911976799933397
53277225,-0.00773275808266654
20145873,0.26035655044872175
6290193,-0.023175471537115598
26539561,-0.004082662175251314
369443,0.03163967528634783
17762265,-0.0022909736024053495
46135707,0.029871384764190427
42329979,-0.020648482062751203
13454717,-0.0019166047913884016
51583747,0.011045915290073385
31320110,0.08369385212856127
23445627,0.05891184105903473
19446681,0.01650762243068077
30666086,0.056572035990178814
15798124,0.07819183482640749
38688648,0.046450641372205795
37751620,-0.01828527894320673
14678120,0.058667899221976044
22500914,-0.015968871925039367
1318506,0.10730596066365984
32192894,0.006272712949607309
39869974,-0.012084795510738544
33616997,0.033919247533311166
6253533,0.02411546429480487
46455860,0.09900613860905207
678632,0.028875229914755468
940131,-0.00748534085526549
18635110,0.04766734000801086
50650878,0.09878211943233957
6611550,0.027872589125489802
28558238,0.00557077142895053
48622192,-0.0022909736024053495
53212275,0.12776882884512203
14108769,0.26550412160020476
13662443,0.053460095248600445
29479399,-0.01624964853330208
20950487,0.06428343138723025
879765,0.2514518544665538
11236372,0.3811377529439183
36237250,0.1203386748971873
26596816,0.07595905868082127
27509471,0.08820967591145319
31170378,0.25035214608419154
20497038,0.05467679388440552
15011753,0.030563364954674106
21929771,0.07824511686761534
17515276,0.02848093844339234
44655928,0.2198142145452795
37160720,0.02142468846562056
39121955,0.07574847622462423
27944224,0.05409184261719154
18500087,0.04683497151339582
44790074,0.033802257279868374
25624966,0.034728217977237644
11022360,0.09188316986955698
29984428,0.07293723475165477
2387748,0.2482463215222212
26094746,0.18459319747831315
19644952,0.11643120043219793
25361914,0.018546728230927782
2438858,0.16318398109828153
28461634,-0.0013316535241744212
21835273,-0.005730487053623549
39475119,-0.005075341634343894
24456042,0.22394570818698134
24096996,0.0020476271051512035
44954134,0.01979678624759451
15923221,-0.0022909736024053495
38998030,0.01549154492089963
29176337,-0.0017194590557068345
41103330,0.1180088311585045
53360609,0.1135363280866473
32621868,-0.0053461569124335015
2482626,-0.02055488985999697
28198229,0.08984406406930996
12179090,0.040764915054885914
24578419,0.2713770323230331
11248103,-0.014237416174085991
28642346,0.05638485158467034
629533,0.12188294624263221
13910009,0.041597283549500944
13955377,0.024971230840108466
3101510,0.008742944992421488
47991006,-0.002571750210668057
11347569,-0.002127187247585434
11528293,0.06263861705834636
31271443,0.09562685797972646
27065274,0.01676500098825491
27003543,0.041018818222117684
22137785,0.040226759889049044
24959252,0.03896326515186685
21149185,-0.0076625639306008575
26919614,-0.002127187247585434
13053226,0.012135662342262571
235761,0.019866980399660186
17128758,0.02615109470470952
27230516,0.0709150410622656
14985430,0.06793005190430311
45504443,0.009749061172029533
5367884,0.17689176341143484
19038862,0.04797151466696213
35749242,0.03087750094379848
11678704,-0.0031567014778820374
51200854,0.06094399607859701
29930622,0.07219197251996325
49474291,0.009398090411701143
43090610,0.04951578601240704
5563966,0.029276472166803354
15295555,0.0014059184063869995
21047622,1.0619969435850833
25759661,-0.014681979137168615
18083374,0.02993161758608301
22122908,-0.00962800018843983
22621876,-0.007695923311462523
26241745,0.018757310687124815
23114131,0.011139507492827619
1562268,-0.008210680426610821
38943841,0.021728863124571833
25275383,-0.011640232547655921
17167841,0.16216442819815802
29196252,0.020334941413431368
54421867,0.035874722460977046
51285431,-0.023011685182295682
52776031,-0.012225183814869901
37197913,-0.011289261787327531
6669054,-0.020601685961374086
21185485,-0.007227962297691334
21329389,0.1493791311920316
52495399,-0.0055433026481150754
26181176,0.003932907880751388
51136524,-0.006679845801681378
39222221,0.012276050646393928
27080954,0.01802849572543712
42213924,-0.005309322141229485
16865988,0.045608311547417665
32559452,-0.0039756332519816084
47593440,0.07089164301157702
14985574,0.07885045563602952
14497953,0.00458805330003105
19697689,0.035660664614437634
26047022,0.26609555880724955
17836219,0.012205856494328246
38072052,-0.005486545216564859
20479216,0.08500414296712058
25835733,0.02049872776825129
2421235,-0.03659599130217546
13602429,0.04467238951987529
32774741,0.10404019489743466
44415943,0.008472129714331866
34029135,0.0203717761846354
19457404,0.08119026070488544
1300789,0.013656535637018914
40201951,-0.018238482841829606
18325111,0.051330872635941556
4353642,-0.07648318178633813
52041672,-0.017442949118418594
43864651,0.03358171349349824
35943888,0.024362881522205927
26004400,-0.0024313619065367068
28085133,0.0231795422672625
25588471,-0.0013316535241744212
19103336,0.004013063362990163
1317093,0.5800689095797564
16387501,0.06759251786449019
22641615,0.017938378913025244
18308594,2.361660683891867
936622,0.3928736130594019
21695915,-0.0026653424134222975
13352245,0.10846242647757234
9487271,0.040320352091803284
48151187,0.008274983978650306
16464125,0.02130769821217777
828978,-0.020882462569636794
29087870,0.017330029595122705
31222316,0.1684619792237228
51199413,0.0317297920987597
4658218,0.0022716462818636873
14349707,0.04695543715718099
45042773,-0.02163120019167069
17432500,0.03311027708938469
7064808,0.007900615167633358
23740961,0.008027566751249243
26197696,0.062174131434917554
14287995,0.22588079561344704
19748505,0.0501709314316867
7985014,0.11137722148346914
25518383,0.07705529167284118
22305086,0.010591390996817662
13691273,0.1261379160776076
29548794,0.04270695326203632
15690947,0.10160332223548213
1592340,0.09665637221002306
39574842,0.008415372282781663
53742230,0.018897698991256172
45086395,-0.005519904597426517
51829082,0.04894079607536616
37775355,0.03179002492065227
23457248,0.07654400994803524
29996068,0.0899879277637837
1496622,0.004354072793145453
37109183,0.03834147911344884
2488508,0.04344572955389712
1818977,0.02034837813394684
35813451,-0.02340945204400119
47854992,-0.022730908574032968
5515449,0.01216902172312423
14425153,0.18531205110982776
38785188,0.007466013534723828
16347188,0.580660346786801
24496914,0.010357410489932072
40464415,0.0760725735439217
23137921,0.09318349937794321
24887945,0.025786687223865665
24547541,0.0892292288115767
19957214,1.974428036413481
19774003,0.05872465665352626
20553592,0.0006571807843531036
19192988,0.024967755449766094
1465505,0.026244686907463753
45266220,0.02351707630707542
32134458,0.027106939392598076
15719917,0.01466265181662696
1352939,0.37745429765564137
27072677,0.0069846158004371744
9648447,0.011293332517474441
23561924,0.2806048959427906
39427972,-0.009932174847391104
35412160,0.002879995599766226
20198823,0.012346244798459603
21004454,0.0997782742817745
17203123,0.05042830998926086
24368034,0.9013086279453781
17783981,0.026749482692438965
12493278,0.24063847965809715
49395608,0.06968490570594506
23963881,0.042402778603085056
22378375,0.16910368792248698
35631727,-0.01828527894320673
14456952,0.1313959915427027
40579318,0.01274401166016511
2479894,-0.015032949897497004
2882342,0.0673485760274315
19920626,0.060148462355186
19212067,0.024620260079780076
19334399,0.7865541611976568
11757548,1.1187745161168976
19343269,0.0993137886583457
10699380,0.04654423357496003
26722218,0.009347818919981668
17489536,-0.01601566802641649
16023976,0.04026359466025307
11208201,-0.0027355365654879726
14303320,0.019903815170864217
11648678,0.02979122928195166
18722561,0.15807324471800255
17967466,0.06370844145018936
36487131,0.006774033344240149
12661272,-0.003999031302670167
15342333,0.0062961110002958676
5432310,0.023129270775543012
21755280,0.05987116113726565
36107808,0.015972942655186277
9244230,0.010918963706457493
8578828,0.042566564957904965
54934052,0.0387158479244658
1288313,0.24900849586477056
11995752,0.06395585867759042
53388520,0.15541235287933752
22937147,0.05446621142820848
38484321,-0.018238482841829606
12538204,0.05902883131247753
49287940,0.051079980018198134
28430694,0.017573971432181396
27204111,0.08266086250792229
25231061,0.01778455388837842
44256810,0.00014242366920480531
33424692,-0.001261459372108746
37316094,-0.01653042514156479
14206016,0.055462366277643435
15165858,0.02490103668804279
50322725,0.05977409354416905
32728587,0.05253413455123117
25630152,0.03622221783096305
6925937,0.20210189017404018
50747581,0.005640965581016212
49504752,0.002211413459971112
4168866,0.01594954460449772
17632824,0.05250077517036952
25283830,0.21400408235297802
14179855,0.055963686672276275
19175768,0.03213103435080757
28695239,-0.001074274966600272
411925,0.0036053351711115636
3415893,0.047891359184723356
31408374,0.035453557548582974
1599907,0.015889311782605137
3517356,0.014532224842668695
18689649,0.062371277170599114
1923976,-0.019338191224191892
26573522,-0.012646348727263966
47680111,-0.022730908574032968
40100901,0.1849376822988108
27696780,0.02846750172287687
418445,0.09005812191584937
29843106,0.10904390235444396
47423864,0.011269934466785883
31275786,0.022290416341097248
20201394,-0.00488815722883542
29947893,1.0037825934719482
21909189,0.051317435915426104
27932212,0.08756449182234662
32041238,0.017761155837689863
17655123,0.018392903206280967
37059431,0.03735876098452936
39039255,0.03215443240149613
36755232,0.026746007302096586
24974567,0.041363303042615346
4840863,-0.004199652428694106
13517408,0.042075205893445225
650254,-0.020016734694160106
23232483,0.04475254500211406
16670205,0.156669361676689
21181418,0.023062552013819702
2439676,0.03566414000478001
39296492,0.018710514585747698
41999160,-0.01688139590189318
640467,0.8874002245062008
611124,0.14756056917815474
38514155,0.030072005890214366
18205869,0.36735630108835693
25554602,0.004340636072629994
44672082,-0.0013550515748629866
28522826,0.10248897277130502
49788116,0.042890662277202424
45185815,0.05847376403578283
35182775,0.018088728547329694
23257776,0.0597407341633074
327548,1.1659683843557216
19014545,0.036155499069239753
26243727,0.022955523090550004
25015442,-0.017419551067730035
35094626,0.024784046434599992
17182098,0.21823912952760727
26475899,0.058139705386312274
8011214,0.07739977649333886
8401406,0.10750310639934141
24062027,-0.019665763933831716
48102186,0.08421857057388267
41183853,-0.0019166047913884016
21234629,0.05023116425357928
32328488,-0.0015790707515754704
26226257,0.03469138320603362
39549096,0.11404459926196489
1456147,-0.09090981773100604
36056133,0.0033947527149145312
1691460,0.09693714881828577
50439201,0.05076584402907377
38854368,0.19813418288715817
33518300,-0.016062464127793608
23922733,0.053623881603420354
11180907,0.141784726048423
16339213,0.01557517579348077
20158124,0.03810402321622089
11225447,0.03872580925463889
27514630,0.015668767996235004
37754280,0.07429084630124885
11299068,0.05217968840056042
43981222,0.04478937977331808
659922,0.09416621750686269
4937435,-0.0010508769159117137
32684336,0.018088728547329694
52792917,-0.013044115588969472
51146645,0.06716787756175377
13827596,0.04856990265469158
12087777,0.0938152467465343
3102581,0.09437679996305973
19511807,0.1473668988328155
24736757,0.05777877329581079
17529948,-0.0005361198007634155
51712105,0.1491849960058384
21961680,0.033511519341432566
51295988,0.002889956929939333
51601885,-0.005931108179647482
13538687,0.2794359230900706
25611194,1.1675629271928858
31077763,0.08811608370869896
15166484,0.014191215412513405
49621688,0.035791091588395905
17086789,0.025786687223865665
28135567,0.00257582094081496
12772093,0.2512079126294951
39301095,0.03904342063410562
31655746,0.01382032199183883
37685965,-0.021444015786162215
42460309,0.040741517004197356
22789044,0.08846705446902735
48516994,-0.02303508323298424
12934023,0.7925574988944434
14251152,0.003137374157340375
35957810,-0.019642365883143158
3683764,0.025589541488184098
39817126,0.2886079589599858
18991731,0.09512553758509361
24941789,0.055950249951760817
3788523,0.014920030374201108
34376188,0.23880648092370477
47733149,-0.004162817657490082
18727316,0.04293097243874881
20993771,0.020161193728438366
23033272,-0.007929903818348114
26853561,0.08607350251810958
49163623,-0.0072881951195839095
32997584,-0.00346087613683331
35380410,0.045411165811736084
16173919,0.11725013220629749
18541306,0.09889910968578236
19233398,0.025462589904568206
45706797,0.024265813929109314
45833271,-0.019314793173503333
18758739,0.05508452207628413
21033881,-0.018144890639075373
43170093,0.05683937587792606
17144502,0.14947272339478584
48623631,0.08289484301480789
45041017,0.015364593337283738
44457490,-0.001823012588634168
13222776,0.030703753258805463
5651642,-0.0037416527450960177
27077342,0.02883190920372073
18655122,0.032832975871464345
23839626,-0.02055488985999697
52539738,0.022253581569893224
20950686,2.3951935659189143
13701396,0.008251585927961748
1643709,0.008415372282781663
6943478,0.0096554689692753
12841196,-0.016085862178482166
39571619,-0.0007701003076489993
1045368,0.2537583001545481
23151703,0.04429802070885834
13302057,0.07128940987328253
49246144,0.04745675755181383
8850584,-0.006830195435985828
22661871,0.08416181314233245
25234052,0.031288704526019444
30003317,-0.018402269196649522
4825374,0.024102027574289392
50049447,0.04747668021216002
18291246,0.011035953959900292
12603283,0.01288439996429646
28116599,-0.010634116368047876
49748326,0.11051797954782318
14856988,0.07798472776055283
28565040,0.03996590594113253
17399637,0.004611451350719609
38664249,0.10179398203133297
21843093,0.01598290398535937
8012356,-0.0038954777697428333
20080698,0.16055343809098982
15701643,2.035365073448092e-06
17390757,0.06844828440979378
51061767,0.0008443651898615775
36886384,-0.0037416527450960177
11736964,0.008074362852626367
26947518,0.04651087419409837
20094001,0.15223369337603582
37623501,-0.005730487053623549
30154817,0.010236944846146914
8669342,-0.00429324463144834
2782095,0.02564977431007668
288643,0.048101941640920395
20094561,0.02067595084358667
20445861,0.06807391559877683
27673045,0.046614427727025703
23385814,0.04600607840912317
40769841,0.040029614153367477
30344874,-0.006643011030477354
48546649,-0.005519904597426517
19046955,0.034223422192262425
15117793,0.10231870047665438
26784333,0.1438337931788431
11684685,0.015692166046923563
17125900,0.20585553961438272
49507575,0.1349789038475406
5022355,0.045748699851549016
21579612,0.08575288058915448
33841988,0.0381911294791444
14552042,0.008836537195175728
16057600,-0.006843632156501286
32873827,0.10009588566124127
25126678,0.027357832010341504
4007468,-0.019642365883143158
28369952,0.0025524228901264018
4984201,-0.017279162763598685
51884155,-0.0001617509897464675
20959001,0.035777654867880426
14006878,0.017142845189614238
25943733,0.07839894189226215
51218056,0.06666308177677854
22248438,0.07366604971334248
44175422,-0.02195877290131052
7348956,-0.007719321362151081
22473696,-0.015758289468842335
1057656,0.1347185147404781
27418771,0.0953092466002597
24845466,0.027568414466538536
44701308,0.03072367591915165
47260907,-0.007929903818348114
44285365,0.08612377400982905
5934451,0.026923230377431974
14241093,0.03471478125672218
50842038,0.025987308349889604
17644417,-0.0028993229203078882
15409922,0.029754394510747635
871482,-0.02280110272609865
16334019,0.046908641055803876
23197711,0.0479949127176507
30742820,0.1849242455782954
8102833,-0.01283353313277244
12070240,0.32218115114857987
19803772,-0.00039573149663205825
8056522,0.06715791623158067
18882784,0.29731898459681455
8887165,0.12667954663378683
50326155,0.00836857618140454
47777804,-0.012786737031395323
1804600,0.053633842933593454
8589313,-0.01959556978176604
46203045,-0.0018932067406998432
14167826,0.06145875319374532
6109453,0.0037223254245543624
34655705,0.06369848012001626
1586115,0.06858867271392513
53796810,0.01865028176385511
1017673,0.15645877922049195
25858723,0.015210768312636916
52011883,0.045300661498124006
4165457,-0.023737024753641013
22167908,-0.007368350601822692
18969407,0.0334980826209171
435712,0.06218756815543301
13652765,0.027568414466538536
11518277,0.13303385509090185
12014828,0.012533429203968077
40443850,0.061879918106139374
23219844,-0.004256409860244323
49497232,0.022146552646623532
525099,0.14342258959662213
25390535,0.047550349754568066
12019630,0.0316028405151438
30549307,0.1139375703386952
30459850,-0.003999031302670167
19459790,0.15027821844836997
19629434,0.034818334789649505
346330,0.00930449820894691
50111321,0.02431261003048643
14571031,0.01244979833138693
760118,0.034982121144469414
50163755,0.09013827739808813
35611009,0.010521196844751987
45630784,-0.007919942488175014
29566095,0.08678239481945109
32495601,-0.027634537888457295
13608455,0.030432937980715842
8663739,0.06856527466323657
18671403,0.03670361556524971
26723646,0.02974095779023217
116621,0.01096575980783461
937602,0.07227212800220202
23868669,0.07885045563602952
31266030,0.028551132595458023
49352106,0.04191141953862531
51575528,0.0891117737172799
36828697,0.059436559504356126
44691968,-0.001074274966600272
17770399,0.012964555446535242
28187716,0.10821848464051365
12374235,0.027250803087071798
14086590,0.07922482444704647
11176337,0.15708705119874067
18108316,0.18830700159796332
14120601,0.28519531894979855
21054384,0.12220704356192967
18938286,0.4416187034243554
6875767,0.049435630530168265
25884718,0.04785452441351934
8616989,-0.020344307403799937
23922512,0.03994598328078634
47113501,0.04719937899423969
53004815,-0.011944407206607194
16499906,0.07463880651208887
36470920,0.05776186118495296
35875485,0.02646870608417625
1398673,-0.02269754919317131
15679105,0.06271576199109677
22993136,0.031124918171199528
44875491,0.004775237705539517
28832448,0.04886064059312738
38150584,0.02144808651630912
16201347,0.03637604285560988
27797634,0.044685826240390754
29301028,0.009912847526849448
22488397,-0.02209916120544187
3387698,0.0035351410190458815
1873371,0.05243706695813456
21908271,0.01391391419459307
34384459,0.05843044332474809
50383047,0.023985037320846614
17122588,0.02504142499217414
20754111,0.011350089949024651
13423911,0.15680974998082034
41332139,0.02215998936713899
49471839,0.04707891335045451
42063755,-0.009183437225357208
14559632,0.0041768497178100855
2358076,0.003581937120423005
3398855,0.04564514631862168
32423815,0.07796132970986427
14106824,0.05616083240795784
49424257,0.09373161587395316
15967897,0.05065232916597334
28515421,0.0022950443325522457
20863600,0.06288603428574743
48084535,-0.0021406239681008993
12857440,-0.024321976020854993
24512938,0.015528379692103654
48724217,0.04724617509561681
23816320,0.4336499294697298
1834754,0.42626610678231813
14523173,0.019014689244698964
38761356,0.05392458087202926
34679767,0.03485516956085353
12643842,0.30562529259125304
4558456,0.04117611863710688
30109173,0.09326365486018198
1206155,0.022571192949359963
20052978,0.04050753649731176
3841742,0.045504758014490325
46687550,0.04852310655331446
20011077,0.033859014711418584
40772922,0.08441919169990661
37407817,-0.0008402944597146814
35100119,0.031612801845316896
6760742,0.09346427598620591
12110949,0.09653938195658027
27193456,-0.008163884325233704
12247791,0.0052899948206878225
18261153,0.0065066934564929
51219779,0.20929458822474695
28388261,-0.009861980695325422
16039375,0.06972174047714907
42653605,0.023951677939984956
27632628,-0.005088778354859352
17784466,0.20950216013145562
438696,0.2007214051834152
25488211,0.028444103672188324
44911821,0.10715213563901303
19600066,0.01411105993027463
31504549,0.05097990187561317
49346899,0.15200619880898097
26223452,0.1206592968261424
39190674,-0.020742074265505443
13505484,-0.004116021556112966
26722501,0.051434426168868896
18015338,0.009444886513078267
30726445,-0.016390036837433432
49403260,0.012861001913607902
54914462,-0.02102285087376815
21650975,0.06599148908749505
21142447,0.08948660736915084
35893879,0.0003530061254018377
27158650,0.0870631714277138
20843567,0.07420420487917934
15841930,0.1995614639791603
20740589,0.10588864090183084
374532,-0.012295377966935576
19801692,0.029834549992986403
11690401,0.03670361556524971
22505966,0.019459252207781594
5448314,0.016113330959317627
13209638,0.06318372300486796
15437147,0.062154208774571354
376799,0.21068897477674142
27661521,0.016511097821023134
24653658,0.09337068378345167
22176896,0.05971733611261884
7892330,0.09636563427158724
12232033,0.02364750328103369
32072702,0.06531943155735759
5463419,0.6430499760935269
14437927,0.061121219153932385
1979714,-0.004490390367129914
48222395,-0.0017762164872570513
46462821,0.002248248231175129
20356276,0.06676362476021752
25099259,0.04312811817443039
16211223,0.030924297045175596
13182301,0.06378859693242814
14245987,0.040520973217827216
29123089,0.012697215558787993
35337254,0.023062552013819702
1093574,0.027905948506351454
30732046,-0.017630133523927068
27770640,0.045574952166556
13655200,0.0423191477305039
14683271,0.19008177805995147
19822991,0.015725525427785214
23040729,0.025542745386806974
26998882,0.041222914738483996
9926167,0.07819531021674986
27850242,0.3082458742683717
19575497,0.18875156456104597
50852386,-0.005449710445360842
17682694,0.9550041437261331
2954340,-0.016226250482613516
14470399,0.06886597393184547
25343965,0.03690423669127364
5515042,0.018182320750083927
4924237,0.06333407263917241
25449388,0.053928056262371626
30502635,0.012369642849148162
25959082,0.012463235051902395
7827338,0.11386737618662951
13955197,0.23935506226056874
33844700,0.03861229439153847
23410921,-0.023690228652263896
14224395,0.08039472698147443
36105902,0.015434787489349414
52895197,-0.0007601389774758993
20576150,0.14642750141493077
9997913,-0.003273691731324836
27825218,-0.003624662491653226
33641235,-0.014284212275463108
283684,0.06050290850585675
36261885,0.025027988271658676
27252939,0.4627471431961243
50991287,0.009478245893939918
44977235,0.045280738837777834
36202208,0.024994628890797024
9140543,-0.022894694928852884
3442041,0.48508579566386756
23116288,-0.004466992316441355
26388741,0.08646478343998434
34943247,0.012088866240885454
29107241,0.024850765196323288
16879994,0.0332641021140315
50633578,0.00773335342247107
15958312,0.08965687966380148
25093021,0.0013825203556984411
40951302,0.0302825883464114
14224943,0.011948477936754097
15343947,0.012814205812230785
23201158,-0.0057907198755161315
3555378,-0.016670813445696146
46609979,-0.023432850094689747
49455238,-0.009253631377422883
35058854,-0.02163120019167069
28747137,0.008191353106069166
25631844,0.07680787444544013
28762586,-0.020508093758619853
6009124,0.04627689368721277
20905486,0.0011017437474357267
54465409,0.02580012394438113
24092157,0.3472001532744804
40692403,-0.0049817494315896535
45223340,0.04754038842439497
28384434,0.024513231156510377
47968813,0.012623546016379952
26368048,-0.0016124301324371357
439299,-0.028617256017376788
18233635,-0.019314793173503333
30265875,0.04929524222603691
32787533,-0.005262526039852368
22312503,-0.0027121385147994143
164978,0.04997378569600513
26396470,0.06754572176311308
3141822,-0.012295377966935576
25263958,0.04501339895003058
22916930,0.053811066008928835
20105624,0.027240841756898705
2366642,0.01833614577473075
19435171,0.06954451740181371
60697,0.04487301064589923
25858265,0.2192955171989348
26724805,0.031144840831545714
19269161,0.025144978525101468
49685126,0.08687251163186295
39707686,-0.019899744440717307
600195,1.7239708967710932
30718251,-0.013980037616511842
21173225,0.013165176572559174
30545727,0.05862411367008728
18064936,0.14331903606369478
36040155,0.027260764417244898
245295,0.27300145915071683
17948641,0.5233550452601773
8652092,0.15380136277216927
30470252,0.01398063295631638
33805403,-0.01475217328923429
16322529,-0.013558872704117778
21805636,0.0008911612912387012
26372002,0.013455914510994982
14339895,0.024864201916838767
19910096,0.05673582234499873
26818289,0.02691326904725888
18609639,0.049693009087742414
37769452,0.14699253002179857
36814255,0.013245332054797943
12911429,0.0302825883464114
17474065,0.031031325968445295
27167695,-0.006221846118083289
698005,0.0483827182491831
39045286,0.04974976651929264
25038942,-0.020040132744848664
22631232,-0.016085862178482166
45532393,-0.01650702709087623
18542821,0.08452274523283393
52210857,0.07979286360340261
25724619,-0.017910910132189782
22739924,0.19357156300288914
52835784,0.009866051425472332
31360367,0.020020805424307016
33055546,0.06618515943283426
31916107,0.21362369244298435
23437566,0.002950189751831908
3092171,-0.002571750210668057
16012995,0.08210278468173925
1293546,-0.06554285539426555
19921297,0.01585595240174348
16472458,0.020381737514808485
25426543,0.057648346321852534
25945798,0.050896271003032026
49488968,0.03154608308359359
16679367,0.07134964269517512
16087009,0.17122294920497277
2648666,-0.01510314404956268
2769598,0.9150467590899046
39912310,0.014615855715249843
244497,0.11578601634309137
17488830,0.026538900236241933
38430749,0.005828149986524686
34695309,-0.003648060542341784
33451636,0.047750970880592006
42437638,0.11984731583272756
31391882,0.007512809636100945
21111723,0.028397307570811194
41736786,0.027521618365161413
12667496,0.08448243507128755
16221095,0.05828009369044364
29460764,0.07639366031373081
24252587,0.014311681056298577
37796332,0.0052899948206878225
21030588,0.04104569166314862
26629812,0.02411546429480487
4867830,0.33481609852040184
23103750,0.031054724019133853
36035278,0.12828057541078197
18660960,0.05210300830866401
30790585,0.006576887608558582
15365623,0.039735400824589304
21005339,0.01850989345972376
39792393,0.22766252285611988
3519537,-0.0037416527450960177
25891456,-0.01746634716910716
19825027,0.015454710149695614
3305148,-0.018566055551469438
26855173,0.07307762305578613
37396988,-0.018027900385632574
17039643,0.13092455513858914
12945688,0.10132903156705014
18409118,-0.0037784875163000414
35162445,0.051120290179744524
18409967,-0.020976054772391034
21651324,0.0013825203556984411
11651223,0.058560870298706345
14424098,0.07156022515137214
19913074,0.06505556705995269
30233671,0.021902610809564835
16404513,0.050939591714066784
20662360,0.035453557548582974
3127248,0.0009613554433043764
14289444,0.5008625677677871
32136376,0.05982436503588853
18290428,-0.0038586429985388165
25296850,-0.01332489219723218
5550178,0.03075054936018258
13928029,0.05708679310532712
325825,0.08122362008574709
12863734,0.008365100791062174
17613172,-0.015711493367465218
25230908,0.15365749907769558
6626734,0.011737895480557065
628622,-0.006151651966017614
39052023,0.01784478671027101
13281460,-0.009089845022602974
11509461,0.20130635645062916
3934895,0.0015463067105183567
27903667,0.0015463067105183567
53659962,-0.01938498732556901
15790785,0.016487699770334575
50756370,-0.01926799707212621
28201425,0.013305564876690532
950531,-0.005239127989163803
25004025,0.04853306788348756
42009105,0.0197400288160443
17882939,0.09458738241925675
35911286,0.013656535637018914
5652724,0.056114036306580725
441446,0.3010960320878457
7410491,-0.01746634716910716
47672379,0.006576887608558582
33189530,-0.0025483521599794987
13629066,0.12477434319784046
49212034,-0.014728775238545731
51451825,0.04511347709261554
38412504,0.27791852518565663
5623212,0.03702122694471644
29235090,0.12986168152743088
12825001,0.067124556850719
17355535,0.01647426304981911
19103257,0.037288566832463683
8386461,0.024409677623583044
30379250,0.024653619460641728
52230013,0.07159010914189143
14926243,0.15987489462102158
18520738,0.08893501548279853
27965109,0.15868159403590507
14871038,0.0032075683094060572
36826333,0.06793352729464547
2180031,-0.018402269196649522
18097273,-0.00488815722883542
41682074,0.03262239341526732
1988458,0.018616922382993464
18575634,-0.0061750500167061725
30111001,0.032314743365973675
13628335,0.0232965325207053
1448497,0.012005235368304307
21761595,0.027264239807587264
36678735,0.07083141018968446
51390056,0.04940875708913734
39667408,0.07189775919118507
47682928,-0.005332720191918043
12060191,0.03125186975481541
2816913,0.05446621142820848
45897418,-0.0021739833489625576
19690513,0.2682551302512817
5159361,0.05717042397790825
21268417,0.03003169572866797
22844910,0.03814433337776728
35032137,-0.000442527598009175
23433991,0.040413944294557524
17560465,-0.002829128768242213
27412474,0.030546452843816282
37324406,0.064189839184476
31802867,-0.01213159161211566
18022334,0.019375621335200446
23698511,0.0743913892846878
23255173,-0.004854797847973755
1505809,0.0038726750588588127
24594180,0.10951533875855751
1887021,0.12982832214656925
22572758,-0.002688740464110856
30286184,-0.004724370874015504
46754329,-0.004373400113687115
20229645,0.05073248464821212
29637504,0.012824167142403878
49393555,0.05140755272783795
20775981,-0.019151006818683418
46054749,-0.01624964853330208
15669040,0.048954232795881625
36445062,0.011303293847647528
53303018,0.01510721477970959
25953875,-0.016109260229170724
26643372,0.02029810664222735
52026436,0.05118700894146783
19921967,0.006727237242863032
27736738,-0.004924992000039437
26474730,0.030419501260200377
22125817,0.12157877158368094
19257843,0.09641243037296438
2836491,0.15522516847382906
23478570,0.04749359232301785
49472348,0.11203537745223714
14505194,0.06052630655654531
39943352,0.014639253765938401
30694583,0.1413167650346518
49336371,-0.02270751052334441
22993896,0.5056860415999728
7337139,0.007643236610059209
23494714,0.0137834872206348
8660243,0.006717275912689932
365934,2.1069684970748495
30149321,0.0028331994983891093
12261700,0.13537366015975777
29845873,0.08559905556450766
317459,0.06209397595267878
23735632,0.14358637595144202
29193061,-0.018729841906289353
175065,0.6429464225605996
3462733,0.0032777624614717324
36848621,0.10625304838267469
14284591,0.04613650538308142
3926666,-0.01475217328923429
14269483,0.25549624184533226
25651198,0.046614427727025703
23028677,0.17296784167644164
11428485,0.07250958389942999
32560722,0.0586912972726646
20081607,0.15144812098279792
19261306,0.02789251178583599
47759938,-0.0024313619065367068
426804,0.019118242777626304
53570668,0.006553489557870024
12478266,0.07816843677571894
24313486,0.02490103668804279
21879573,0.0018972774708467394
21989341,0.01440527325905281
54467987,0.007900615167633358
37436490,0.026197890806086636
53481630,-0.0032871284518403016
27247954,-0.012669746777952524
26800821,0.019903815170864217
15695918,0.011186303594204736
44267248,-0.008972854769160175
4069790,0.009702265070652416
24916171,0.0023418404339293694
311360,0.11748411271318308
17300592,0.022430804645228612
21255069,-0.01924459902143765
21756682,0.03280957782077579
16405743,0.06425308255585695
26768509,0.07009610928816601
23780676,0.011630866557287359
32503926,0.05032475645633351
37124693,0.04607627256118885
24208685,0.01592614655380916
12987242,0.01786818476095957
12586576,0.03039957859985419
18258082,0.10364242803572915
15022654,0.04406404020197276
15191821,0.09532268332077519
50797484,0.05184562975108986
1271761,0.058139705386312274
50958140,0.03576769353770733
426461,0.026024143121093628
49913042,-0.004269846580759781
32851223,0.03721837268039801
26352925,0.015271001134529498
22412829,0.03078390874104423
18204835,0.03086753961362538
20773658,-0.022403335864393144
16337639,0.8253516046296302
14903651,0.04889747536433141
29194893,-0.005028545532966777
49321109,0.021822455327326067
16876609,0.0005401905309103117
2768144,0.043141554894945845
29085748,0.057297375561524144
12085880,-0.0013082554734858629
50863688,0.027063618681563324
18520575,0.03414326671002366
12540263,0.008916692677414496
15707510,0.051096892129055965
51585137,0.012005235368304307
26104888,0.04312811817443039
48936441,0.06286611162540123
42957126,0.03727860550229059
40748470,0.017213039341679913
28919046,0.04721281571475514
33507389,0.045387767761047526
14800487,0.049926989594628005
29845754,0.007746790142986536
52519003,0.030713714588978556
41042286,-0.019899744440717307
47122497,-0.021303627482030858
8554220,0.011396886050401768
41351526,0.01583255435105492
40576888,0.08701637532633667
10934230,0.07831230047019266
37426027,0.053830988669275014
13935537,0.05103665930716339
52640661,-0.003507672238210427
4741660,0.007653197940232295
46625057,0.07227212800220202
24268760,0.03066691848760144
20275588,0.08554229813295745
21892404,-0.01653042514156479
2876803,-0.08305803402982326
15848532,0.045912486206368924
27721860,0.036305848703544204
19013012,0.07384975872850859
36730031,0.0206625141230712
51227190,0.08456954133421105
51430384,0.08220286282432422
35080352,0.017306631544434146
53447195,0.06793653784413385
19600735,0.06816750780153107
14363251,0.01950604830915871
52329960,0.06841793557842048
38439689,-0.022379937813704585
33274349,-0.0012047019405585363
17225333,1.556958156664792
23909478,0.0012655301022556492
12352144,0.0786398731798325
21842524,0.04550128262414795
4772085,0.013516147332887564
50296116,0.11565906475947546
49200317,0.028126492292721572
27642809,0.034938800433434676
32075720,-0.005182370557613586
14866432,0.025860356766273712
1181966,0.0007273749364187856
13644168,0.05299213423482926
22478532,0.06875245906874505
23523791,-0.004841361127458296
19422858,0.014826438171446875
20911416,0.10466151609499866
26720798,0.006436499304427225
48769020,-0.00020854709112358427
23413867,0.049619339545334366
32549647,-0.002314371653093908
4221171,0.015271001134529498
46620393,-0.009230233326734325
307637,0.1051533400003124
27202952,0.07951556238548227
16321556,0.05934644269194426
27867015,0.042215594197576575
38672715,0.12669298335430232
7672997,0.039454624216326596
2566527,0.04019340050818739
30013539,0.02863128807769679
275587,-0.016413434888121997
48793410,0.02069934889427523
2591717,0.03397948035520375
34634401,0.025088221093551258
25568835,0.0066704798113128155
26182628,0.0033011605121602977
49852541,-0.01568809531677666
23803991,0.14243987146770265
22710420,0.002809801447700551
14245367,0.07925470843756575
16863908,0.06674022670952895
20692072,0.07772039842229395
9041375,0.017363388975984356
14107095,0.05266456152518943
9063728,-0.005402914343983718
29968632,0.02331993057139386
21146487,0.04459223403763651
40957895,0.050882834282516574
2277710,-0.014611784985102932
14182276,0.038140857987424906
48320760,0.06100770429083196
8913766,0.40015040682354375
47496728,0.01405430249872442
12079491,0.010544594895440546
18351889,-0.02209916120544187
897218,0.013633137586330356
20145927,0.9118412261455721
15462805,0.0005033557597062949
27656372,0.012205856494328246
52952409,0.14838297634259667
5351075,0.02069934889427523
53407282,0.0060387324427217184
16482079,0.047189417664066584
7422164,-0.003694856643718901
41824860,-0.013722659058937686
49351977,0.06825414922360057
31190619,0.020067601525684133
20078869,3.0967804189206545
37525216,-0.006853593486674386
7537987,-0.001813051258461068
47471089,0.04057425525903506
317055,0.10952877547907297
15477803,0.06815407108101561
2208276,-0.0040458274040472905
19191885,0.6091661233061509
26080062,0.015351156616768266
31450778,0.05147126094007291
2366092,0.102763263439737
24020212,0.10221167155338466
42459616,0.08949656869932396
26763833,0.02224362023972013
24558329,0.045631709598106224
35372611,0.10146640932169315
18970233,0.5546417144211232
30284479,0.028701482229762466
12218674,0.028454065002361417
6690393,0.008251585927961748
15663414,0.040530934548000316
3963247,3.0259241706550126
23674838,0.31374441618018306
19925173,-0.004350002062998556
16629617,0.03533656729514018
12628636,0.019342261954338795
51374141,-0.004691011493153846
853611,0.10559442757305267
22411795,0.025532784056633888
32855618,-0.004457030986268255
12515327,0.02990821953539445
27680241,-0.02069527816412832
17098594,0.25160869004068903
34687408,0.05834032651233621
14671481,0.049585980164472715
29599630,0.04710231140114307
18797455,0.01481300145093141
53021779,0.04347908893475877
20634401,-0.0053561182426066015
647811,0.22300978615943898
16939689,0.04924844612465979
8582939,-0.09785903878550811
36140471,0.0346346257744834
19285564,0.11212248371516068
18135764,-0.01248256237244405
43068777,0.0023050056627253457
20943083,0.022768338685041523
26684194,0.021845853378014625
142251,0.3594009638542468
30259475,-0.013161105842412271
52286686,0.073478865307834
18907529,-0.010634116368047876
296539,0.02541579380319109
21212967,0.020110922236718884
51141816,-0.01475217328923429
7533505,-0.005005147482278212
8492493,-0.006198448067394731
210234,0.17142357033099673
34711427,-0.008093690173168022
1302755,-0.019735958085897398
21707932,0.09711437189362114
41509215,0.06193018959785887
9808831,-0.0027355365654879726
20820757,0.035874722460977046
45058408,9.562756782768855e-05
39612324,-0.02055488985999697
19551743,0.06289599561592052
40361091,0.009140711854126994
10825882,0.07121921572121687
24886718,-0.004209613758867206
51392194,0.059647141960553166
21842759,0.010811934783187788
5085281,0.010638187098194786
14122989,0.023741095483787923
33260256,0.009829216654268308
28840367,0.03174322881927515
49620349,0.03929732380133741
54494227,0.03708794570643975
9109127,0.0020376657749780966
24289613,0.0066704798113128155
27453084,0.3248719269777642
51236320,0.09061619974203242
33843862,0.0082849453088234
50768146,0.02813992901323705
12691407,-0.0034140800354561934
15505487,0.027250803087071798
29219921,-0.01851925945009232
14107094,0.1790712575158132
1106928,0.014077700549412979
40727674,0.04018992511784502
12551565,0.7725720882160715
51938335,0.13165638064976523
45192260,0.005734557783770446
23301182,0.016862068581351523
33281322,0.0147562440193812
45689675,0.02906588971060632
28651206,-0.006151651966017614
246093,0.03344132518936689
41620482,0.031238433034299948
50483863,0.00018921977058192208
51913324,0.0037322867547274624
17460043,0.02335328995225551
39757681,0.08688594835237841
28697827,0.18414515912488819
37506620,-0.005275962760367826
14041003,0.001392481685871541
14006773,0.01915507754883032
17402833,0.06255197563627686
10445463,-0.021210035279276625
30775818,0.09859841041717347
28164422,-0.0002787412431892594
19191796,0.05979100565502688
17152507,0.1223608685865765
15118777,0.05747112324651717
51708106,-0.0061750500167061725
43271532,0.019562805740708927
38260354,0.055355337354373736
2003512,0.01758740815269686
52292433,-0.0012146632707316293
24221824,0.03188014173306415
27835492,0.023049115293304237
22556506,1.0543392950700938
33912104,-0.004630778671261271
15397276,0.0961849358059095
40460561,0.04042390562473062
50297186,0.010484362073547956
53938012,-0.00034893539525493455
49225076,0.018720475915920798
32398771,0.05368063903497057
23341378,0.08938953977605424
20381739,0.032047403478226426
43632891,0.16142912729663958
30505956,-0.019314793173503333
216386,0.04250633213601238
6953307,0.012603623356033752
54952971,-0.018332075044583847
26003138,0.049920038813943274
49753451,0.06547673197234677
25411583,-0.023737024753641013
52249646,-0.0006431487240331074
17525923,0.17681508331953844
32782048,0.07950560105530918
11391756,0.008355139460889074
4525304,0.041129322535729755
37314784,-0.010751106621490675
2799482,0.21663856559146616
40588302,0.1729310069052376
35269289,-0.011640232547655921
14954385,0.012439837001213837
1191649,0.007924013218321917
6222491,-0.021935374850621955
16101416,0.062341393180079835
42799568,0.046942000436665535
9821670,-0.02078887036688256
24631816,0.02984798671350187
15655265,0.24015059598397975
50659958,0.0008543265200346845
30456379,0.05190238718264008
31767534,0.13187043849630464
10774257,0.004611451350719609
13274842,0.02392827988929639
31428743,-0.004724370874015504
7896765,0.008729508271906022
45140984,-0.0006063139528290906
19818966,0.07393338960108972
20378589,0.03224802460425037
13825783,0.10368922413710627
38068846,0.025051386322347234
14348454,0.0033479566135374145
36312298,0.03774656651606177
4258711,-0.004279807910932881
2051125,-0.1294966787067825
16994562,0.032598995364578755
27305006,0.0031005393861363584
53133558,0.0014293164570755579
50476472,0.0499469122549742
19049612,-0.02270751052334441
1224421,0.06037595692224086
2005753,0.08597342437552459
50963597,0.015387991387972297
17422431,0.08282812425308458
15325856,0.028200161835129633
25065353,-0.0024781580079138235
17319214,-0.0017896532077725097
2120425,0.013001390217739259
30711502,0.04178446795500941
16539379,-0.01426081422477455
15790339,0.025542745386806974
43369474,0.08462977415610365
35553970,0.0032075683094060572
12891905,-0.011008485179064824
27986480,0.3840391112292996
20672084,0.02817328839409869
43022183,-0.010891494925622025
23700306,0.20578534546231703
20751711,0.060970869519627935
29834351,0.07551102032739629
15202477,-0.01650702709087623
13417982,0.028457540392703783
20026201,0.004190286438325544
23130845,-0.005636894850869309
15752354,0.00904711965137276
359506,0.29859244066416984
30615661,0.0589919965412735
31185907,-0.017185570560844445
20280856,0.007546169016962603
21216422,0.1870300701402657
2370725,0.1452809969311914
20085884,0.11479982282382951
1044777,0.017797990608893886
49988443,0.08811909425818731
24914634,0.06122824807720209
1795642,0.2091447034312965
11626890,0.06344110156244212
1706558,-0.000816896409026123
2194814,0.15068594664024854
2759523,0.0731881273693982
20824014,0.004611451350719609
15395033,-0.004958351380901095
2367102,0.026515502185553375
25888809,0.0952425278385364
19145477,0.09548299428525273
5020576,0.019646436613290068
27906182,0.21872446749309027
4245313,0.025111619144239823
53109969,0.016567855252573344
49262269,0.10914745588737128
11596034,0.10474213641809144
39663307,0.01307158436980494
18970869,0.06610847934093786
1650507,-0.01653042514156479
52046041,0.023891445118092366
36907283,0.043619477238890134
30549517,0.01323537072462485
11156021,0.04304448730184924
33888703,0.07453177758881917
5449242,0.11019388222852572
13921765,0.03925400309030266
41299271,0.0039194711602359295
44101603,0.00257582094081496
35891060,0.10689475708143888
44994572,0.11588609448567633
36953953,-0.01880003605835503
896973,0.02120066928890807
12477433,0.052407182967615276
16033058,0.4868740088463712
28387692,0.07344203053662998
23971088,0.09376497525481481
21117844,0.02635171583073346
27569537,0.027217443706210147
46161885,0.017330029595122705
43737206,-0.020133724947602905
7023592,0.09848142016373067
27643297,0.19307672854808705
11053779,0.026094337273159303
2636822,-0.013605668805494894
33036170,0.03397948035520375
32411951,-0.0008636925104032397
48023541,0.01700245688548288
13604543,0.09072322866530212
51643277,-0.007709360031977974
24302248,-0.002758934616176531
30273926,-0.00453718646850703
20790969,-0.0196189678324546
32802298,-0.013839649312380485
33971776,-0.023854015007083812
35011308,0.05711019115601568
26220774,0.059369840742632816
18002702,0.1366336795065976
52136920,0.010554556225613639
43425350,0.07993672729787633
13131877,-0.02018052104898002
9622833,0.04531757360898185
16405167,0.06815059569067325
38850784,0.014966826475578232
52030746,0.06658292629453977
25975397,-0.01484576549198853
20550329,0.07295067147217024
35748861,-0.0028057307175536478
53193892,0.03052653018347009
51577169,0.01758740815269686
11264698,-0.016413434888121997
38463498,-0.012318776017624135
15317155,0.021026921603915054
23086633,0.02468697884150338
5759405,-0.0039756332519816084
25898013,0.07384975872850859
24450732,0.04878048511088861
49621950,0.060335646760694465
3160391,0.011082750061277409
40523126,0.10216140006166519
12876412,0.044391612911612574
13732733,0.044685826240390754
49293568,-0.001074274966600272
27387873,-0.01664741539500758
15553635,0.004798635756228083
39807263,0.04394704994852995
46805285,0.043619477238890134
11683303,0.04869685423830747
342442,0.05243058101830384
16447683,0.01796177696371381
1226722,-0.011289261787327531
38168365,0.010109993262531015
3826848,-0.039744766814957866
38238899,0.010016401059776775
43921753,0.06344758750227283
3971553,0.3181098903287706
15491515,0.03689079997075818
16763473,0.05460659973233985
43027401,-0.003437478086144752
34315576,0.04522398140622761
20702885,-0.018238482841829606
22430939,0.046975359817527186
12466054,0.015280962464702591
51293748,0.10347516629056687
19256631,0.06189335482665485
699459,0.020980125502537937
26791164,0.1700261732295139
19221229,0.02625812362797922
20619808,0.11672193837063373
31686932,0.031171714272576645
44265043,-0.02046129765724273
49345794,0.015514942971588189
31845976,0.08424196862457121
16843289,0.09742503249240314
4603120,0.02425585259893622
21514469,0.8080838432214735
17297964,0.11462955052917886
25829389,0.4702011600356016
2195979,0.024864201916838767
787200,0.059637180630380066
5271692,2.72846683311914
452660,0.009912847526849448
38421775,0.0137834872206348
28755312,0.0180787672171566
291981,0.043736467492332926
14230915,0.158845380390725
9351292,0.0608772773168737
31255312,0.015668767996235004
51489194,0.16254180755866332
10212758,0.003324558562848856
13424658,0.14123660955241302
52697652,0.04619326281463164
44097593,0.004751839654850959
628066,0.03514938288963171
30824428,-0.002936157691511912
50859582,0.01881406811867503
18261428,0.04732980596819794
27589327,0.09187320853938388
19646351,0.005991936341344595
50902968,0.07636678687269988
21345487,0.020264747261365693
42009949,0.0238112896358536
30024890,0.06160261688821904
53994821,0.0006103846829759868
27668273,0.015608535174342422
33890724,0.012205856494328246
16039920,0.03406959716761561
34737882,0.028972297507852088
27887135,-0.004092623505424407
7042592,0.13948175575077107
28859147,0.00980581860357975
22478111,0.0024588306873721613
5681034,-0.022286345610950345
40628661,0.20486934609512086
20543789,-0.011967805257295752
29297949,0.04153705072760836
29673949,0.0036755293231772387
15188006,0.042322623120846274
14861195,0.045046758330892236
18241888,0.025893716147135364
28013958,0.08240996989017887
29220378,-0.0065394574975500205
39973525,0.0463904085503132
124896,-0.01058732026667076
41197630,0.03624561588165162
27875488,-0.014471396680971582
185402,-0.019806152237963073
37391281,0.025141503134759102
14619150,0.002505626788749285
20302807,0.05780217134649935
156851,0.1746525013260179
24287978,0.08051171723491723
15663467,0.010287216337866396
20078815,0.11146733829588103
15124774,0.0820390764695043
11925595,0.06408281026120631
19610167,-0.002571750210668057
25879027,0.086498142820846
24118751,0.12797987614217307
23246526,0.08096624152817293
6903909,0.07726934951938058
35101311,0.04536436971035897
51244535,0.05438258055562735
22023756,0.056889647369645545
13942715,0.2744556136837499
35426253,0.025074784373035792
38996764,0.017985175014402367
31205356,0.07696517486042932
33175349,-0.0008870905610917981
29966162,0.17666426884437997
26013968,0.04356271980733991
310252,-0.08361958724634869
9885191,-0.021420617735473657
37030880,0.0006337827336645452
14489370,0.0756748066822162
13922368,0.02240393120419769
18923501,0.07429779708193357
2223772,0.02189264947939175
4149610,0.06393246062690186
6190013,-0.006993981790805744
12809947,-0.012950523386215232
29957805,0.03706802304609356
27602658,0.001312326203632766
1999998,0.10487256339204969
46156166,0.005243198719310706
42750615,0.00759296511833972
13748530,-0.004186215708178641
7713976,0.01915507754883032
4607368,0.055706308114702126
21104754,0.06976853657852619
46533056,0.01262702140672231
15949631,0.06196702436906289
20735336,0.09194340269144957
28714437,-0.02326906373986983
8188617,0.23823195582751788
21184655,0.013984108346658745
25837646,0.007325625230592471
34647309,0.0010081515446814932
51220695,0.030489695412266066
36100090,-0.02172479239442493
34467220,0.07404041852435941
146862,-0.005824079256377783
760709,0.032224626553561814
31732073,0.009468284563766825
1203289,0.00904711965137276
26485354,0.00031617135419781395
258329,0.05573966749556379
26569496,-0.0009572847131574802
48104949,0.07655397127820834
21480693,0.06447061579273872
16844741,0.006155722696164517
1189336,0.0861974435522371
2551963,0.23682807278620435
712373,-0.02354984034813254
21952826,0.03553371303082175
1600975,0.06604824651904528
24247200,0.011420284101090326
27938516,0.002388636535306486
28444573,-0.007334991220961033
41401860,0.12222048028244514
16787426,0.09501850866182392
4353994,0.004681645502785284
16447342,0.12587405158020276
20058445,0.08413146431095916
35459581,0.01122313836540876
20751388,0.053419785087054056
19597116,0.045772097902237574
24871450,0.0762298739589109
21145969,0.03623565455147853
23800452,0.01585595240174348
541704,0.058457316765779005
47472763,0.02060575669152099
21993349,-0.008351068730742178
50310425,0.02719404565552159
30024069,0.009712226400825509
21269017,0.038598857671022994
32444559,-0.01734935691566436
21583817,4.282077033170395
27333312,0.01447199202077612
29842363,0.025342124260783028
17853370,0.10853262062963802
19056942,0.048335922147805986
19692698,-0.021186637228588066
16471185,0.008542323866397548
11618280,0.5216370262297394
5684292,0.006530091507181458
19507121,0.011430245431263433
37925004,0.011737895480557065
7661941,0.10105520573947219
26585986,0.025462589904568206
28628704,0.06936080838664758
22505820,-0.010072563151522454
11915539,0.11372698788249816
35369274,0.08199575575846954
22454602,0.18935991387894852
20895418,0.15821316818127987
44571027,0.05614090974761165
51845451,-0.009464213833619922
22957426,0.06243150999249171
16322630,0.005336790922064939
30310883,0.04048066305628083
28190542,0.07251954522960308
3610732,0.007770188193675101
41431463,0.10937495045442615
17606195,-0.011640232547655921
25877141,0.04671798125995303
39971603,0.030195482083487893
7699555,0.0002828119733361556
6164481,0.1532164115049553
28799871,-0.02294149103023
22761938,-0.01557110506333386
47001646,-0.0023512064242979247
5770156,0.08800905478542924
24593951,0.009936245577538007
12253341,0.07165381735412638
24038993,-0.017396153017041477
2413248,0.023062552013819702
49505060,0.007395819382658153
49009675,0.009023721600684202
7241475,0.011410322770917233
9884862,-0.0059878656111976986
12990639,0.3144363963706668
12249962,0.04644068004203269
25627266,0.08085921260490324
35092094,-0.011687028649033038
32141496,0.05030135840564495
32860477,0.04216879809619946
24069999,0.003932907880751388
23691365,0.06583766406284824
22559153,0.11166795942190495
12000891,-0.010376737810473727
14696121,0.04199505041120645
21210725,0.05721722007928537
37225073,0.0010783456967471683
25158732,0.012814205812230785
36726376,0.009174071234988646
27885587,-0.021303627482030858
33010488,-0.011616834496967363
44702060,0.025870318096446805
1420994,0.1112836292807149
375775,0.009174071234988646
34207195,0.04165404098105116
21001204,0.0099462069077111
20403350,0.10804126156517828
26899603,-0.007615767829223741
22731426,0.004751839654850959
16769208,0.009160634514473187
747028,0.02492443473873135
26940420,0.01796177696371381
20937365,-0.0046073806205727055
29154773,0.04228578834964226
16016463,0.07914119357446532
16170462,0.028350511469434077
14823745,0.04085850725764015
11696093,-0.012529358473821167
51992318,0.04363939989923632
11774931,0.1591729531003648
9011487,0.018767272017297915
45688177,-0.020929258671013917
15636737,0.03138229672877368
606073,0.09841122601166499
30138567,-9.155683768078543e-05
12721741,0.03592151856235416
11350284,0.06715791623158067
29252919,0.019084883396764646
11393723,0.2421862263938844
14608663,-0.020718676214816878
23490068,0.046908641055803876
22179410,0.014428671309741369
12339023,0.00400310203281707
3815608,0.034962198484123234
410284,0.08794233602370594
29957970,0.08145760059263267
24594366,0.07345546725714544
39491156,0.01239304089983672
14793196,0.05491077439129111
46283680,0.026772880743127524
263068,0.26145625883108403
26856125,0.05503425058456464
1196815,-0.054111169937733204
19839621,0.028210123165302727
41448953,0.030245753575207375
19434203,0.04135982765227298
42212227,-0.005870875357754907
18667977,0.10610918468820096
47669710,0.0751401269067217
18905400,0.09458738241925675
19168972,0.05049850414132652
27639910,0.005523975327573413
3699819,0.014311681056298577
2119468,0.0784626501044971
14838171,0.017119447138925672
29844780,0.06183659739510464
18125821,0.24623408916300513
43768726,-0.002267575551716791
25803429,-0.011757222801098713
897209,-0.022894694928852884
34764467,-0.005847477307066348
18232247,0.08119026070488544
5435102,-0.005229166658990703
11383245,0.09285592666830336
52882375,0.03978219692596642
21737311,0.019108281447453204
15173005,0.015762360198989245
53803537,-0.015968871925039367
45833088,0.006623683709935699
18865785,0.06995572098403466
17390229,0.03049317080260843
40536317,-0.005239127989163803
1221588,0.00056358858159887
39966400,0.04280054546479056
22432129,0.026338279110217987
33352919,0.023834687686542157
23766408,0.11196217275068313
13664222,0.01612329228949072
54275344,-0.0044201962150642315
26187018,0.010694944529744996
29637634,0.03134546195756965
26300591,0.020512164488766756
5492809,0.1308911957577275
20221916,0.07528051521085306
44089059,-0.0025951482613566224
11959628,0.12637838252432393
35961169,0.02908928776129488
28788389,0.013806885271323371
5129129,0.0036521312724886804
53467277,-0.02113984112721095
25982329,0.09188316986955698
44263675,0.024944357399077535
20058526,0.019576242461224386
49606823,0.03070027786846309
5090536,0.10306743809868828
14941151,0.15462029454626885
20567649,0.25135478687345725
14631741,0.37790882194889713
21809043,0.04537433104053207
34637187,0.006108926594787394
32141423,0.013516147332887564
21224589,-0.014541590833037257
34819497,0.03384905338124549
33974369,0.02811653096254848
37227332,-0.019923142491405872
22564692,0.07620647590822234
19488479,0.0180787672171566
2546388,0.11016700878749479
20440859,0.01014682803373504
11320969,-0.02331585984124695
21767860,0.041978138300348605
36311278,0.010811934783187788
23893972,0.0026460150928806353
29192768,0.007512809636100945
25940746,0.0231795422672625
2193788,0.019716630765355743
42600997,-0.01519673625231692
23219437,0.0857996766905316
45299339,0.0421454000455109
15665502,-0.010938291026999142
14892402,0.1575216528316502
19233810,0.012088866240885454
28827752,0.10420398125225458
3125012,-0.006058059763263374
30801802,0.2017166303511421
19668429,0.3856670134473257
18005695,0.05781213267667245
18782307,-0.0054631471658763
975709,0.0007741710377959024
18002483,0.022253581569893224
39280419,0.054653395833716964
13865058,0.014428671309741369
43483976,0.07656740799872382
23844924,-0.004817963076769738
32724622,0.01865028176385511
27676906,-0.00748534085526549
16473335,0.03115827755206118
50013980,0.017934903522682885
43192288,-0.0026653424134222975
22355073,0.06332063591865696
22713574,0.01892109704194473
13218066,0.0016165008625840319
42746999,-0.020063530795537222
4931347,0.032458607060447404
21683230,0.07744657259471598
20726022,0.13978593040972234
35831161,-0.010891494925622025
5668913,-0.002197381399651116
50515071,0.0024687920175452543
14553532,0.07814851411537274
15155259,0.08140084316108248
30626141,0.028256919266679843
22267495,0.09248155785728643
15145134,0.09129126782165828
27324319,0.01514057416057124
41763082,0.05307228971706804
31278287,-0.0069138263085669685
7483908,0.07503657337379438
36286766,0.03232818008648914
19825550,0.10279662282059865
17231974,0.12474746975680953
17346495,0.03323074273316985
18716613,0.08306210475997017
27170315,0.016206923162071868
48050501,0.15804637127697163
48110976,0.01346935123151044
22116466,0.006717275912689932
20202063,-0.0025249541092909403
12591702,0.010648148428367879
15276352,-0.005941069509820582
8032769,0.0041668883876369855
32464486,0.45362190342758624
49540873,0.07443470999572256
32954749,0.0028331994983891093
11705135,0.011152944213343084
1890242,-0.006432428574280322
21150794,0.041570410108470006
3585381,0.020044203474995574
12579790,0.1887983606624231
43441568,-0.008996252819848734
25780798,0.040447303675419176
26230047,0.012954594116362142
1419098,0.35522267411116776
23763477,0.016277117314137543
325742,0.051668406675754494
1187761,0.026455269363660786
27930100,0.3438477460861857
41139091,-0.010072563151522454
2872896,0.04400728277042253
15397996,0.07317469064888273
33396446,-0.000629712003517649
21506352,-0.019923142491405872
23033261,0.20511676332252193
20096972,0.004471063046588251
16560975,0.09209375232575402
39169745,0.2194194582330623
51374333,0.04986675677273543
19282603,-0.002127187247585434
2968475,-0.013535474653429212
42230134,0.0006805788350416619
20960208,0.017386787026672915
17431751,0.0147562440193812
51792186,0.08488020193299306
20720922,0.02748478359395739
34560546,0.09168602413387542
14657208,0.03130862718636562
46502899,0.06780310032068722
35242633,0.023413522774148092
23780545,-0.005028545532966777
19148273,0.014588982274218912
20608561,0.04306440996219543
634725,0.04249637080583929
476633,0.1301524194658667
8570014,0.03718501329953636
17201216,0.10849926124877636
20983637,0.12556941208039746
16546424,0.06278595614316246
15277825,0.04078831310557447
20085327,0.027554977746023064
11702377,-0.020999452823079592
27066977,0.02620785213625973
46538886,0.12955403147813727
447133,0.02719404565552159
14004629,0.04309128340322637
29316467,-0.005860914027581807
17599050,0.0649385768065099
51335118,0.02063911607238264
26517455,-0.006820234105812728
18966176,0.012112264291574013
23305059,0.0672415471041618
54787498,0.09743499382257624
18738187,0.04321174904701153
11571668,0.07963903857875579
8102548,-0.013301494146543621
42330149,-0.011265863736638973
4234936,0.04510699115278482
28496766,0.0002594139226475972
24081748,0.026094337273159303
31380529,0.006717275912689932
19648207,0.030961131816379613
3338954,0.03426025696346646
11329260,0.012416438950525278
19153040,0.04731636924768248
50919394,0.024078629523600847
15749635,0.15728419693442225
26596805,-0.019221200970749093
44777029,0.03941778944512258
52126803,0.014438632639914462
27610995,0.03363847092504845
313105,0.13671383498883638
35087477,0.0013825203556984411
32138809,-0.001251498041935653
32325856,0.002763005346323434
29006756,0.024910998018215884
15296770,0.04704902935993523
20413406,0.12605776059536883
9234951,0.1032580978945391
7148001,0.022571192949359963
48140169,-0.004560584519195589
30472761,0.045524680674836525
278006,0.009735624451514067
49558850,0.04215883676602636
13471946,0.03167303466720948
17128215,0.013352360978067648
45388827,-0.006679845801681378
22435614,-0.009955572898079662
26468466,0.0015463067105183567
29207617,0.04153705072760836
15999114,-0.003577866390276102
51713547,0.017761155837689863
36801007,-0.0011678671693545056
28816124,0.0206724754532443
15341269,0.21989784541786062
13053999,0.054793784137848314
51142132,0.031228471704126855
41564695,-0.01711537640877877
10915991,0.011995274038131214
21210737,0.09357431545896397
50268776,0.032598995364578755
14108832,0.06499185884771774
49677760,0.06985865339093805
20460562,-0.015641299215399543
9763841,0.040741517004197356
31782547,-0.022028967053376196
502924,-0.018917026311797827
7361590,0.02832711341874552
352546,0.3663033888073718
44854477,0.062772519422647
45729626,0.0409988955617715
21058110,0.01548158359072653
41359750,0.08842025836765023
3128550,0.02876171505165505
1100463,0.09622177057711352
54563382,-0.0039054390999159333
23416985,0.020054164805168667
21654031,0.060479510455168195
11328962,0.4619884442439173
19938457,0.0463904085503132
28951093,0.0047284416041624006
9549302,0.14591621969012486
287492,1.1780552152315336
53565561,0.005874946087901803
50688342,-0.021995607672514537
21428661,0.10495271887428846
8507769,-0.02125683138065374
17818546,0.02576676456351948
52779986,0.04287073961685624
44874652,0.0016165008625840319
20624315,0.4344753471836601
31323534,0.08447594913145681
38866500,-0.022637316371278735
50389839,0.05161164924420427
26264429,0.09233769416281269
52899635,0.016076496188113604
54369257,0.02947361790248492
40991558,0.019211834980380538
43609709,0.00057354991177197
12030877,0.03293652940439167
38524389,0.010835332833876346
2554691,0.011691099379179948
12012813,0.0895299280801856
26015544,0.031171714272576645
34105337,-0.02113984112721095
16972867,0.05616083240795784
52718431,-0.0018932067406998432
421359,-0.01189761110523007
31852395,-0.023830616956395254
28094011,0.04143349719468103
19944236,0.06441038297084614
15903090,0.017166243240302796
36913729,0.03468142187586053
26170083,-0.021420617735473657
23422171,0.04084854592746705
41208051,0.03025919029572284
26863926,0.08741414218804218
42502903,0.004751839654850959
21090799,0.03676384838714229
24637283,0.07277692378717722
18263115,0.010226983515973814
9266050,0.03339105369764739
51688270,0.038501790077926396
11931729,0.00877630437328314
34631663,-0.006760001283920153
35870545,-0.005275962760367826
51353401,0.002328403713413904
45907451,0.002879995599766226
45946481,0.09086709235977584
52106763,0.006376266482534643
18637081,0.18660542983752926
35878495,0.10747970834865286
8367112,-0.003320487832701953
15953377,-0.01734935691566436
31377574,-0.004396798164375673
1588620,-0.041640008920731164
1108750,-0.009885378746013987
28089817,0.024409677623583044
5394248,-0.007227962297691334
40192433,0.005173004567245024
20045216,0.0001658217198933637
34269245,0.05886504495765761
23392800,0.015819117630539448
23598087,0.15216349922397016
15209622,0.03135889867808512
26346438,-0.005590098749492192
19334670,0.08356342515460301
37037638,0.024386279572894486
40226183,0.9103970329427122
23953254,5.879279662367176e-05
14968701,0.051307474585253
3570427,0.18795603083763496
17032119,0.013258768775313408
12568621,-0.006666409081165919
1519645,0.044578797317121055
29333860,0.009993003009088217
25650943,0.31112383450306447
30737388,0.024934396068904442
17746308,-0.017513143270484276
24347762,0.04469578757056385
9782861,0.082767891431192
364993,0.26387969477252116
51005252,0.02894889945716353
23975313,0.004026500083505628
44089019,-0.019478579528323242
15998859,0.029660802307993388
51165190,0.08372721150942292
28384686,-0.015898677772973692
21730967,0.02082630047789112
52835329,-0.013605668805494894
42872980,-0.0007934983583375646
20928772,0.03362850959487536
16878002,0.024667056181157193
25281610,0.02795274460772857
10911312,0.03972196410407384
45647959,-0.007064175942871419
7617992,-0.011850815003852953
27085260,0.030466297361577493
38061622,-0.0011210710679773889
36889800,0.20113909470546687
29038348,0.0032877237916448393
25982196,0.04488297197607233
16589335,0.03835491583396432
13593230,0.09173282023525253
35391004,0.013188574623247733
18411542,0.060897199977219894
26470508,-0.0032871284518403016
28225177,0.021962843631457424
19380430,0.005383587023442063
2684552,-0.002444798627052172
15303599,0.033885888152449514
21624163,0.03949145898753061
25315084,0.09868204128975461
17219154,0.02742802616240718
14967041,0.08395123068613543
1550635,-0.016132658279859283
26433339,0.08776511294837057
53150862,-0.020718676214816878
37110813,0.25396888261074513
35699493,-0.0030397112244392455
11281590,-0.007649127210085399
35404076,0.019903815170864217
892571,-0.004069225454735849
28124094,0.05776533657529533
32975741,0.24894826304287798
43933242,0.032889733303014555
25671900,0.1085525432899842
52526258,0.025556182107322446
24057881,0.11668857898977207
13210092,0.03566414000478001
41219364,0.04400728277042253
14642360,0.045314098218639486
24828980,-0.021163239177899508
2833559,0.04935199965758713
23369276,0.04204184651258357
21087303,0.20538410321026918
354416,-0.03540269071705895
15613559,0.04427462265816978
21390791,0.043923651897841406
3040148,0.028293754037883867
23804771,-0.016226250482613516
27638796,0.23290021082001477
57367,0.03634268347474823
1269125,0.047914757235411914
25130880,-0.001004080814534597
23128569,-0.01653042514156479
20477349,0.07432119513262213
51584331,0.12984476941657305
27035360,0.02681967684450464
5900648,0.12456028535130106
3679204,-0.00856165118693921
18936559,0.03762957626261898
12974437,0.09774264387186986
32934078,0.11135382343278058
29742763,0.03368526702642557
39437408,0.03793375092157025
31424568,0.06550013002303531
28613556,0.07561457386032361
1580367,0.02766200666929277
17601336,0.03174322881927515
24140734,0.3796771124710545
35786852,-0.019501977579011807
41480352,0.0013825203556984411
25763215,-0.0051689338370981275
51567115,0.07510977807534841
18203677,0.024957794119593
51971989,0.14664109442061618
42467036,0.002365238484617928
27454134,0.03624909127199399
15442600,0.03470134453620671
7967574,0.033086879038696115
16446101,0.035196178991008825
29577507,0.019201873650207445
13365490,0.05246394039916551
16527803,0.05685281259844152
15742362,0.021588474820440476
107836,4.74062392859802
18184710,0.03328750016472006
12760806,0.031124918171199528
51832123,0.16256868099969424
16107626,-0.008491457034873529
28812150,0.010718342580433554
40639908,-0.020250715201045696
11718113,0.18577306134291424
17210441,0.01585595240174348
18156903,0.14079853252916114
16105641,0.036038508815796955
15865945,0.062130810723882796
23502935,0.042238992248265134
20337020,0.05014405799065577
23521810,0.00851892581570899
37058144,-0.012997319487592356
19499264,-0.006198448067394731
34353754,-0.00023194514181214265
20847591,0.1241655290390839
51605509,0.07053719686090629
14532010,0.061107782433416934
11111028,0.06990544949231517
18069841,0.05389122149116761
54441649,0.051430950778526524
29479498,0.023848124407057622
1451134,0.11956653922446485
17664836,0.02550591061560295
9365540,0.05039495060839919
24846172,0.051317435915426104
46689760,0.013773525890461713
29658244,0.012790807761542226
30932151,0.032692587567332995
28298312,-0.015009551846808439
29965298,-0.022169355357507553
39624465,-0.020086928846225788
21202577,0.03903345930393253
11485040,0.04485957392538377
11917093,0.11072207606418949
24000917,-0.0039054390999159333
49308334,0.05850063747681376
25213141,0.06390906257621329
41532275,0.048265727995740304
26447359,0.011176342264031643
16570014,0.06999255575523869
19331705,0.008331741410200516
52028502,0.04842951435056022
12277584,-0.005800681205689225
35958141,0.020044203474995574
401316,0.10829864012275242
41829455,0.0919299659709341
44647815,0.049903591543939446
16844262,-0.02163120019167069
735593,0.26550412160020476
35406830,-0.003250293680636278
14211779,0.008836537195175728
44045279,0.019552844410535827
12827418,0.09908976948163321
5464904,0.04674485470098396
17797566,0.029567210105239154
25227415,2.5433415762006473e-05
44457036,-0.020133724947602905
731652,0.0640260528296561
37227275,0.005547373378261972
21322926,0.07661420410010093
28985859,0.0914152088557858
29290238,-0.0179577062335669
15139639,0.03348812129074401
7964400,0.007559605737478062
29600576,0.02649210413486481
8907075,-0.002571750210668057
27585826,0.005453781175507738
42055975,-0.006104855864640497
21809829,-0.010025767050145337
12316962,0.049786601290496654
16225377,0.031171714272576645
25951927,0.01950604830915871
21608531,0.06681042086159464
22789533,0.002375199814791021
14389195,0.027564939076196157
21008481,0.0660950426204224
23706043,0.004634849401408167
43916500,0.01038080854062063
34960733,-0.012178387713492785
36956808,0.009230828666538862
23544805,-0.0057907198755161315
51987542,0.028153365733752517
29073780,0.07809476723331088
27409558,0.04885716520278502
32276246,0.025144978525101468
1839384,-0.02067188011343976
50036860,0.10597528232390034
22428414,0.009070517702061319
49403178,-0.019501977579011807
15433168,0.00871954694173293
29127255,-0.0023278083736093663
20047900,0.0709050797320925
18570909,0.08944629720760446
21185544,0.03200060737684931
18400382,-0.0030865073258163622
21958701,0.023530513027590884
25705113,-0.0020335950448312004
27967687,0.062772519422647
10923170,0.05671242429431017
12289072,0.0649385768065099
41514422,0.009959643628226565
21313105,0.04911801915070153
26811172,0.0303493071081347
39963544,0.04423778788696576
27826904,0.03596831466373128
1248556,0.015013622576955349
16892682,0.10774009745571539
49213359,0.003581937120423005
18590102,0.026655890489684725
19068661,0.06845824573996688
13989932,0.05491077439129111
24510379,0.05580986164762945
1041206,0.06395238328724805
15835083,0.14184495887031556
14452182,0.018697077865232226
54553480,0.048225417834193915
29333769,0.0038393156779971543
11435979,0.016277117314137543
14897791,0.034728217977237644
14379804,0.04913145587121699
598227,0.1494592866742704
21563924,0.04178446795500941
4107136,-0.016202852431924958
13521880,-0.01601566802641649
2507023,0.061288480899094666
12058762,0.009959643628226565
50500256,0.09006808324602246
14738094,0.007349023281281029
14361362,1.7136319689162383
1362647,-0.00013835293905790913
16510328,0.07646385446579648
18367068,1.4515295508116326
377939,0.03115827755206118
25399220,0.010741740631122113
2115732,-0.00797669991972523
43809431,0.015154010881086706
17459374,0.015080341338678652
12303240,0.04998374702617822
15251430,0.03528977119376306
16997244,0.011935041216238632
13280789,0.35571055778528515
41573642,0.011246536416097318
13179558,0.05151805704145003
45243586,-0.017208968611533003
46636062,0.014298244335783111
18308271,-0.011078679331130499
41534720,0.011082750061277409
16024178,-0.004714409543842404
12565315,0.28083332019155344
142450,6.580136304535341
16309019,0.09942035274076139
13358975,0.05788232682873813
3395488,-0.003123342097020379
47560581,0.07925470843756575
29161740,0.6222222355903669
23845025,0.03482181017999188
15137646,0.07957579520737486
29393300,0.09122802445027733
11308453,0.008659314119840347
18498447,0.020863135249095145
6066841,0.07038036128677111
33170992,0.005126208465867907
17615352,-0.0162964446346792
16825640,0.01782138865958245
24203295,0.0263283177800449
45909615,0.011480516922982915
18007430,0.055646075292809544
842600,0.013118380471182058
29938759,0.10077442913120947
54852745,-0.01959556978176604
26552308,0.03306695637834994
26247420,0.08973054920620954
14246777,0.005406985074130621
20507165,0.05149465899076147
35815748,0.001756889166715389
18258274,0.030198957473830258
49227177,0.03989571178906684
11273592,0.008485566434847339
18924199,0.12701708067359976
1223089,0.027073580011736417
15119889,0.10390281714279165
24591918,0.022337212442474372
13239779,-0.011476446192836005
38900876,-0.020882462569636794
8441518,-0.0038586429985388165
9471668,0.02731103590896438
23063011,0.05238030952658435
19578915,0.015972942655186277
6130684,-0.02233314171232746
15861364,0.04890743669450451
30682302,0.012463235051902395
18974703,-0.02020391909966858
25400091,-0.01601566802641649
20636216,0.06893964347425352
15771918,0.05550568698867819
11395108,0.19450748503043153
1351670,0.1672886012989525
13616263,-0.00194000284207696
27342152,-0.01484576549198853
20863712,-0.014658581086480056
52860030,-0.010400135861162285
7589615,0.6447580337937917
3668948,-0.023105277385049916
18147825,0.2233473201992519
51940753,0.1476307633302204
27620110,0.056114036306580725
22866535,0.06171960714166183
13641824,0.023918318559123304
34022357,0.0033111218423333977
10815128,0.06434018881878045
50257829,0.02603410445126672
26564311,0.04098545884125603
19776163,0.1306203804796379
52554709,0.015280962464702591
13989690,0.1392243771931969
15890322,0.022300377671270355
49249769,0.024710376892191938
9724438,0.043469127604585676
409684,0.03151920964256266
18164623,0.050277960354956394
21842325,0.0473631653490596
1212083,0.03361507287435989
7662174,-0.040058902804082225
13563055,0.06175296652252349
5532729,0.019997407373618457
1158879,-0.023222267638492715
18988448,0.01959964051191295
29990171,0.007957372599183568
25283632,0.055004366594045354
27646378,0.012777371041026761
3690457,-0.006385632472903205
6155693,0.04670801992977994
38618310,0.11442197862247018
40874904,0.022641387101425638
4758731,0.00979585727340665
53668454,0.07887686423620643
12504476,0.01062475037767932
15720872,0.31037509688103054
25026555,0.03325066539351604
33438879,0.004962422111047998
21266650,0.054887376340602555
4937526,4.41031572789541
6445405,-0.020227317150357138
1679854,0.08782534577026316
10910657,-0.022660714421967293
19731987,0.06716139162192303
24471329,0.0802309406266545
28012742,-0.0011210710679773889
19824571,0.03748918795848762
32327307,0.003334519893021956
11843634,0.007115042774395439
252039,0.07225220534185584
20204296,-0.006385632472903205
39660610,0.040728080283681876
47160115,-0.01880003605835503
34617089,0.04043734234524608
33777945,-0.01664741539500758
21506067,0.007629799889543737
37751832,0.09250148051763261
15913983,0.0029835491326935665
52915954,0.0707477793171033
38857474,0.01723643739236847
15396760,-0.001823012588634168
26392232,0.031051248628791467
25748405,-0.019501977579011807
29957401,0.042877225556686965
1794415,0.05186902780177842
23248569,0.41945727403194744
43027975,0.03213103435080757
49295530,0.01949261158864324
15911302,0.06321360699538725
39319855,0.029774317171093814
49163957,0.023704260712583886
16222271,0.023610668509829652
50340681,0.02060575669152099
12308378,0.08189220222554222
28464531,0.038752682695669824
477005,0.46348591948798507
27544953,0.00959523614738271
11325504,0.025953948969027953
4761301,0.014920030374201108
13256908,0.2646851898261052
30311866,0.03365190764556392
43888323,-0.01557110506333386
26774803,0.0026460150928806353
31206927,0.019365660005027353
29870756,0.014615855715249843
12539097,0.030376180549165632
45276016,0.036479596388537205
24977356,0.033020160276972826
3841626,0.08719359840167205
12554102,0.0032309663600946156
20409970,0.007793586244363659
16119374,0.021026921603915054
27930331,-0.010189553404965253
54732509,0.09907633276111774
24920440,0.08631095841533754
280721,-0.016413434888121997
19737340,-0.006867030207189845
38285486,-0.00679683605512417
15435194,0.014639253765938401
26420372,0.004424266945211135
18412319,0.06045611240447964
2191712,0.23584535465728484
22089885,0.04537433104053207
20318581,0.06225776230749869
13594471,0.008485566434847339
19990269,0.07100515787467745
1241503,-0.012061397460049986
4849570,0.01043756597217084
13624313,0.04932512621655619
185484,0.01835954382541931
22530638,-0.017559939371861392
19126493,0.021494882617686242
1999153,-0.023152073486427033
22997102,0.17357619099434418
32458414,0.11040747523421113
400753,3.646386041688322
20275345,0.0718176037089463
20714761,0.1341101654225756
10659265,0.06411964503241033
27932344,0.004400868894522576
23892183,0.1059120389525194
26968289,-0.0225437241685245
8959594,0.04772757282990345
3665187,-0.0018464106393227264
52839363,-0.0011444691186659472
32681093,0.062491742814384285
50511414,0.06252162680490357
22169632,0.05115364956060618
54241919,0.009712226400825509
20584158,-0.004924992000039437
6859672,0.020592319971005524
241370,0.016885466632040082
5210571,0.017082612367721656
30594814,0.046263456966697314
14905218,0.037592741491414956
11390849,0.013245332054797943
3030427,0.03734879965435627
21185012,0.06689057634383341
10606874,0.017540612051319737
768881,0.1093112422421912
4835117,0.046928563716150055
23240096,0.012229254545016804
2787759,-0.007157768145625659
18001654,0.026104298603332403
